"1","AvantGarde","0"
"2","Blues","227"
"3","Cajun","7"
"4","Celtic","31"
"5","Children's","208"
"6","Classical","37"
"7","Comedy","297"
"8","Country","1809"
"9","Easy Listening","121"
"10","Electronic","1740"
"11","Environmental","0"
"12","Exercise","0"
"13","Folk","335"
"14","Gay","0"
"15","Gospel","1530"
"16","Holiday","720"
"17","Jazz","902"
"18","Latin","650"
"19","Marches","0"
"20","Miscellaneous","19"
"21","New Age","152"
"22","Rap","2030"
"23","R&B","5997"
"24","Reggae","411"
"25","Rock","30885"
"26","SoundEffects","0"
"27","Soundtracks","2599"
"28","Spoken Word","25"
"29","VocalMusic","588"
"30","Women's","0"
"31","World","503"
