1,"!!!"
2,"+44"
3,".38 Special"
4,"1 Giant Leap"
5,"10,000 Maniacs"
6,"1000 Homo DJs"
7,"10cc"
8,"112"
9,"13th Floor Elevators"
10,"2 Live Crew"
11,"2 Vibez"
12,"20/20"
13,"2002"
14,"22-20s"
15,"2Pac"
16,"3 Doors Down"
17,"30 Seconds To Mars"
18,"311"
19,"36 Crazyfists"
20,"3D's"
21,"3LW"
22,"3rd Bass"
23,"4 Non Blondes"
24,"4 Strings"
25,"4Clubbers"
26,"50 Cent"
27,"5ive"
28,"5th Ward Boyz"
29,"69 Boyz"
30,"7 Seconds"
31,"702"
32,"764-HERO"
33,"808 State"
34,"89ers"
35,"8mm"
36,"95 South"
37,"? & The Mysterians"
38,"A Band Of Bees"
39,"A Dark Halo"
40,"A Flock Of Seagulls"
41,"A Guy Called Gerald"
42,"A Life Once Lost"
43,"A Perfect Circle"
44,"A Produce"
45,"A Silver Mt. Zion"
46,"A Skylit Drive"
47,"A Tribe Called Quest"
48,"A*Teens"
49,"A-Ha"
50,"A.C. Newman"
51,"A.R.E. Weapons"
52,"Aaliyah"
53,"Aaron Carter"
54,"Aaron Hall"
55,"Aaron Lines"
56,"Aaron Lohr"
57,"Aaron Neville"
58,"ABBA"
59,"ABC"
60,"Aberdeen City"
61,"Above The Law"
62,"Abra Moore"
63,"AC/DC"
64,"Ace Frehley"
65,"Ace Of Base"
66,"Adam & The Ants"
67,"Adam Ant"
68,"Adam F"
69,"Adam Green"
70,"Adam Sandler"
71,"Add N to"
72,"Adie"
73,"Adiemus"
74,"Adina Howard"
75,"Adorable"
76,"Adrian Belew"
77,"Aerosmith"
78,"Aesop Rock"
79,"Afghan Whigs"
80,"AFI"
81,"Afrika Bambaataa"
82,"Afroman"
83,"After 7"
84,"After The Fire"
85,"Against Me!"
86,"Agent Orange"
87,"Agnelli & Nelson"
88,"Ago"
89,"Ahmad"
90,"Aiden"
91,"Aim"
92,"Aimee Mann"
93,"Aine Minogue"
94,"Air"
95,"Air Supply"
96,"Akinyele"
97,"Akira"
98,"Akon"
99,"Akufen"
100,"Al B. Sure!"
101,"Al Caiola"
102,"Al DiMeola"
103,"Al Green"
104,"Al Hirt"
105,"Al Jarreau"
106,"Al Martino"
107,"Al Stewart"
108,"Alabama"
109,"Alan Jackson"
110,"Alana Davis"
111,"Alanis Morissette"
112,"Alannah Myles"
113,"Albert Hammond Jr."
114,"Albert King"
115,"Alcazar"
116,"Aldo Nova"
117,"Alex Gopher"
118,"Alex Lloyd"
119,"Alexander O'Neal"
120,"Alexis & Fido"
121,"Alexisonfire"
122,"Alfred Apaka"
123,"Ali Farka Toure"
124,"Alice Coltrane"
125,"Alice Cooper"
126,"Alice Deejay"
127,"Alice In Chains"
128,"Alicia Keys"
129,"Alison Krauss"
130,"Alison Krauss & Union Station"
131,"Alison Moyet"
132,"Alkaline Trio"
133,"All"
134,"All Saints"
135,"All That Remains"
136,"All-4-One"
137,"Allen Ginsberg"
138,"Alphaville"
139,"Alvin & The Chipmunks"
140,"Amanda Perez"
141,"Amaral"
142,"Ambrosia"
143,"Ambulance LTD"
144,"Amel Larrieux"
145,"America"
146,"American Head Charge"
147,"American Hi-Fi"
148,"American Music Club"
149,"Amerie"
150,"Amethystium"
151,"Amon Tobin"
152,"Amorphis"
153,"Amy Grant"
154,"Amy Millan"
155,"Amy Studt"
156,"Amy Winehouse"
157,"Ananda Project"
158,"Anastacia"
159,"Andain"
160,"Andrea Bocelli"
161,"Andreas Vollenweider"
162,"Andrew Bird"
163,"Andrew Gold"
164,"Andrew Lloyd Webber"
165,"Andrew W.K."
166,"Andy Gibb"
167,"Andy Griffith"
168,"Andy Williams"
169,"Angel"
170,"Angel City"
171,"Angel Doze"
172,"Angela Lansbury"
173,"Angelfish"
174,"Angelo Badalamenti"
175,"Angels And Airwaves"
176,"Anggun"
177,"Angie B."
178,"Angie Stone"
179,"Ani DiFranco"
180,"Animal Collective"
181,"Anita Baker"
182,"Ann-Margret"
183,"Anna Nalick"
184,"Annasophia Robb"
185,"Anne Clark"
186,"Annette Funicello"
187,"Annie Lennox"
188,"Annuals"
189,"Anoushka Shankar"
190,"Anthony David"
191,"Anthrax"
192,"Anti-Flag"
193,"Anti-Nowhere League"
194,"Antonio Carlos Jobim"
195,"Antoñio Pinto"
196,"Anything Box"
197,"Ape Hangers"
198,"Aphex Twin"
199,"Apollo 100"
200,"Apoptygma Berzerk"
201,"April Wine"
202,"Aqua"
203,"Aqualung"
204,"Aquanote"
205,"Arab Strap"
206,"Arc Angels"
207,"Arcade Fire"
208,"Archer Prewitt"
209,"Archers Of Loaf"
210,"Archie Eversole"
211,"Archie Shepp"
212,"Arctic Monkeys"
213,"Aretha Franklin"
214,"Ari Gold"
215,"Ari Hest"
216,"Arling & Cameron"
217,"Arlo"
218,"Arlo Guthrie"
219,"Armand Van Helden"
220,"Armin van Buuren"
221,"Armor For Sleep"
222,"Army Of Anyone"
223,"Arrested Development"
224,"Arsenal"
225,"Arsis"
226,"Art Blakey & the Jazz Messengers"
227,"Art Garfunkel"
228,"Art Of Noise"
229,"Art of Trance"
230,"Art Pepper"
231,"Art Porter"
232,"Arthur Russell"
233,"As Blood Runs Black"
234,"As I Lay Dying"
235,"Ash"
236,"Ashanti"
237,"Ashlee Simpson"
238,"Ashley Parker Angel"
239,"Ashley Tisdale"
240,"Ashtar Command"
241,"Asia"
242,"Asian Dub Foundation"
243,"Asie Payton"
244,"Asleep At The Wheel"
245,"Assemblage 23"
246,"Assorted Jellybeans"
247,"Astrud Gilberto"
248,"At The Drive-In"
249,"At The Gates"
250,"Atari Teenage Riot"
251,"ATB"
252,"Aterciopelados"
253,"Athlete"
254,"Atlantic Starr"
255,"Atomic Kitten"
256,"Audio Bullys"
257,"Audio Club"
258,"Audioslave"
259,"Augustana"
260,"Aurora"
261,"Austin Lounge Lizards"
262,"Autechre"
263,"Autograph"
264,"Avant"
265,"Average White Band"
266,"Avril Lavigne"
267,"Axwell"
268,"Aya"
269,"AZ"
270,"Az Yet"
271,"Aztec Camera"
272,"Azymuth"
273,"Azzido Da Bass"
274,"B Rich"
275,"B*Witched"
276,"B.B. King"
277,"B2K"
278,"B5"
279,"Baaba Maal"
280,"Babasonicos"
281,"Babes In Toyland"
282,"Baby Boy da Prince"
283,"Baby Oliver"
284,"Baby Rasta"
285,"Babybird"
286,"Babyface"
287,"Babyshambles"
288,"Bachman-Turner Overdrive"
289,"Backstreet Boys"
290,"Backyard Babies"
291,"Bad Brains"
292,"Bad Company"
293,"Bad English"
294,"Bad Religion"
295,"Baden Powell"
296,"Badly Drawn Boy"
297,"Bahamadia"
298,"Bananarama"
299,"Band of Horses"
300,"Barbara Acklin"
301,"Barbara Mandrell"
302,"Barbra Streisand"
303,"Barenaked Ladies"
304,"Bark Psychosis"
305,"BarlowGirl"
306,"Barney"
307,"Barrett Strong"
308,"Barrington Levy"
309,"Barry Adamson"
310,"Barry Manilow"
311,"Barry White"
312,"Basement Jaxx"
313,"Basia"
314,"Bassomatic"
315,"Bauhaus"
316,"Bayside"
317,"Baz Luhrmann"
318,"BBMak"
319,"Be Your Own Pet"
320,"Beat Happening"
321,"Bebe"
322,"BeBe & CeCe Winans"
323,"Bebel Gilberto"
324,"Beck"
325,"Bedhead"
326,"Beenie Man"
327,"Behemoth"
328,"Beirut"
329,"Bela Fleck"
330,"Belanova"
331,"Belinda Carlisle"
332,"Bell Biv DeVoe"
333,"Belle & Sebastian"
334,"Belly"
335,"Beloved"
336,"Ben Folds"
337,"Ben Folds Five"
338,"Ben Harper"
339,"Ben Kweller"
340,"Ben Lee"
341,"Bennie Green"
342,"Benny Goodman"
343,"Bent"
344,"Berlin"
345,"Bernard Butler"
346,"Bernard Fanning"
347,"Bertie Higgins"
348,"Bertrand Burgalat"
349,"Beth Gibbons & Rustin Man"
350,"Beth Nielsen Chapman"
351,"Beth Orton"
352,"Bette Midler"
353,"Better Than Ezra"
354,"Bettie Serveert"
355,"Betty"
356,"Betty Wright"
357,"Between The Buried And Me"
358,"Beulah"
359,"Beyonce"
360,"Bianca Ryan"
361,"Big Audio Dynamite"
362,"Big Audio Dynamite II"
363,"Big Black"
364,"Big Boy"
365,"Big Brother & The Holding Company"
366,"Big Brovaz"
367,"Big Daddy Kane"
368,"Big Daddy Kinsey"
369,"Big Daddy Weave"
370,"Big Head Todd & The Monsters"
371,"Big L"
372,"Big Mama Thornton"
373,"Big Mountain"
374,"Big Star"
375,"Big Tuck"
376,"Big Tymers"
377,"Bikini Kill"
378,"Bilal"
379,"Bill Conti"
380,"Bill Cosby"
381,"Bill Evans"
382,"Bill Evans Trio"
383,"Bill Morrissey"
384,"Bill Whelan"
385,"Bill Withers"
386,"Billie Holiday"
387,"Billie Ray Martin"
388,"Billy Bragg"
389,"Billy Corgan"
390,"Billy Gilman"
391,"Billy Idol"
392,"Billy Joe Shaver"
393,"Billy Joel"
394,"Billy Ocean"
395,"Billy Paul"
396,"Billy Preston"
397,"Billy Ray Cyrus"
398,"Billy Squier"
399,"Billy Stewart"
400,"Billy Swan"
401,"Billy Talent"
402,"Billy Thorpe"
403,"Billy Vera & the Beaters"
404,"Bing Crosby"
405,"Birdsongs Of The Mesozoic"
406,"Bis"
407,"Biz Markie"
408,"Bizarre Inc."
409,"Bjork"
410,"Black 47"
411,"Black Box"
412,"Black Box Recorder"
413,"Black Eyed Peas"
414,"Black Flag"
415,"Black Grape"
416,"Black Jazz Chronicles"
417,"Black Mighty Orchestra"
418,"Black Moon"
419,"Black Rebel Motorcycle Club"
420,"Black Sabbath"
421,"Black Sheep"
422,"Black Tape For A Blue Girl"
423,"Black Uhuru"
424,"Blackalicious"
425,"Blackfoot"
426,"Blackhawk"
427,"Blackstreet"
428,"Blak Jak"
429,"Blake Babies"
430,"Blake Shelton"
431,"Blancmange"
432,"Blank & Jones"
433,"Blanket Music"
434,"Blazers"
435,"Bleeding Through"
436,"Blessid Union Of Souls"
437,"blessthefall"
438,"Blind Faith"
439,"Blind Melon"
440,"Blink 182"
441,"Bliss"
442,"Blizzard Brothers"
443,"Bloc Party"
444,"Blodwyn Pig"
445,"Blonde Redhead"
446,"Blondie"
447,"Blood, Sweat & Tears"
448,"Bloodhound Gang"
449,"Bloodstone"
450,"Blossom Dearie"
451,"Blotto"
452,"Blu Cantrell"
453,"Blue"
454,"Blue Blue Blue"
455,"Blue Magic"
456,"Blue Man Group"
457,"Blue Mountain"
458,"Blue October"
459,"Blue Oyster Cult"
460,"Blue Rodeo"
461,"Blue Six"
462,"Blue States"
463,"Blues Traveler"
464,"Bluetip"
465,"Blur"
466,"Bo Diddley"
467,"Boards Of Canada"
468,"Bob Carlisle"
469,"Bob Dylan"
470,"Bob James"
471,"Bob Marley"
472,"Bob Marley & the Wailers"
473,"Bob McGrath"
474,"Bob Mould"
475,"Bob Schneider"
476,"Bob Seger & the Silver Bullet Band"
477,"Bob Sinclar"
478,"Bob Wills and His Texas Playboys"
479,"Bobbie Gentry"
480,"Bobby \"Blue\" Bland"
481,"Bobby Brown"
482,"Bobby Caldwell"
483,"Bobby Creekwater"
484,"Bobby Darin"
485,"Bobby McFerrin"
486,"Bobby Valentino"
487,"Bobby Vinton"
488,"Bobby Womack"
489,"Body Count"
490,"Body Rockers"
491,"Boi Soulja"
492,"Bomb The Bass"
493,"Bon Jovi"
494,"Bond"
495,"Bone Thugs-N-Harmony"
496,"Boney James"
497,"Boney M."
498,"Bonnie \"Prince\" Billy"
499,"Bonnie Raitt"
500,"Bonnie Tyler"
501,"Bonobo"
502,"Boogie Down Productions"
503,"Boogie Pimps"
504,"Book Of Love"
505,"Booker T. & The MG's"
506,"Booty Luv"
507,"Boozoo Bajou"
508,"Boozoo Chavis"
509,"Born Ruffians"
510,"Boss Hog"
511,"Boston"
512,"Bottle Rockets"
513,"Bounty Killer"
514,"Bow Wow"
515,"Bow Wow Wow"
516,"Bowling For Soup"
517,"Boy's Life"
518,"Boyz II Men"
519,"Boyz N da Hood"
520,"Boyzone"
521,"Boz Scaggs"
522,"BR5-49"
523,"Brad"
524,"Brad Kane"
525,"Brad Paisley"
526,"Brainiac"
527,"Brand New"
528,"Brand Nubian"
529,"Brandi Carlile"
530,"Brandy"
531,"Bratmobile"
532,"Brave Combo"
533,"Bread"
534,"Breakbeat Era"
535,"Breaking Benjamin"
536,"Breaks Co-op"
537,"Brenda Lee"
538,"Brenda Russell"
539,"Brian Culbertson"
540,"Brian Eno"
541,"Brian Hyland"
542,"Brian Jonestown Massacre"
543,"Brian Littrell"
544,"Brian McKnight"
545,"Brian Setzer Orchestra"
546,"Brian Tyler"
547,"Brian Wilson"
548,"Brick"
549,"Bright Eyes"
550,"Brinsley Schwarz"
551,"British Sea Power"
552,"Britney Spears"
553,"Britny Fox"
554,"Brittany Murphy"
555,"Broadcast"
556,"Broken Social Scene"
557,"Bronski Beat"
558,"Brooklyn Funk Essentials"
559,"Brooks & Dunn"
560,"Brother Ali"
561,"Brownstone"
562,"Bruce Cockburn"
563,"Bruce McCulloch"
564,"Bruce Robison"
565,"Bruce Springsteen"
566,"Brute"
567,"Bryan Adams"
568,"Bryan Ferry"
569,"Bryan White"
570,"BS2000"
571,"BT"
572,"Bubba Sparxxx"
573,"Buck Owens"
574,"Buck-O-Nine"
575,"Bucky Covington"
576,"Buddy Greco"
577,"Buddy Guy"
578,"Buddy Holly"
579,"Buddy Jewell"
580,"Buffalo Daughter"
581,"Buffalo Tom"
582,"Buffy Sainte-Marie"
583,"Bugge Wesseltoft"
584,"Buggles"
585,"Building 429"
586,"Built To Spill"
587,"Buju Banton"
588,"Bullet for My Valentine"
589,"Bunny Wailer"
590,"Burl Ives"
591,"Burning Spear"
592,"Bush"
593,"Bush Tetras"
594,"Busta Rhymes"
595,"Butch Walker"
596,"Butthole Surfers"
597,"Buzzcocks"
598,"By Divine Right"
599,"C-Murder"
600,"Cab Calloway"
601,"Cadallaca"
602,"Caesars"
603,"Caetano Veloso"
604,"Cake"
605,"Caleb"
606,"Calexico"
607,"Califone"
608,"Calla"
609,"Calvin Johnson"
610,"Cam'Ron"
611,"Cameo"
612,"Camouflage"
613,"Camp Lo"
614,"Camper Van Beethoven"
615,"Can"
616,"Candee Jay"
617,"Candi Staton"
618,"Candlebox"
619,"Candy Dulfer"
620,"Candy Flip"
621,"Canned Heat"
622,"Cannibal Corpse"
623,"Cannibal Ox"
624,"Cannonball Adderley"
625,"Captain & Tennille"
626,"Captain Beyond"
627,"Captain Sensible"
628,"Carcass"
629,"Carl Anderson"
630,"Carl Thomas"
631,"Carlos Santana"
632,"Carly Simon"
633,"Carmen McRae"
634,"Carole King"
635,"Carolyn Dawn Johnson"
636,"Carrie Underwood"
637,"Cascada"
638,"Case"
639,"Cashis"
640,"Cassandra Wilson"
641,"Cassidy"
642,"Cassius"
643,"Cast"
644,"Casting Crowns"
645,"Cat Empire"
646,"Cat Power"
647,"Cat Stevens"
648,"Catatonia"
649,"Catherine Wheel"
650,"Cathy Dennis"
651,"Catie Curtis"
652,"Cause & Effect"
653,"Cave In"
654,"CeCe Peniston"
655,"Cecilio & Kapono"
656,"Cedric Gervais"
657,"Celia Cruz"
658,"Celinda Pink"
659,"Celine Dion"
660,"Celtic Frost"
661,"Celtic Woman"
662,"Cerrone"
663,"Cesaria Evora"
664,"Chad & Jeremy"
665,"Chad Brock"
666,"Chairman Of The Board"
667,"Chaka Demus"
668,"Chaka Khan"
669,"Chamillionaire"
670,"Changing Faces"
671,"Chantal Kreviazuk"
672,"Chante Moore"
673,"Charles & Eddie"
674,"Charles Brown"
675,"Charles Mingus"
676,"Charles Trenet"
677,"Charlie Daniels"
678,"Charlie Parker"
679,"Charlie Rich"
680,"Charlie Sexton"
681,"Charlotte Church"
682,"Chaser"
683,"Chavez"
684,"Chayanne"
685,"Cheap Trick"
686,"Cheech & Chong"
687,"Chelo"
688,"Cher"
689,"Cherrelle"
690,"Cherry Poppin' Daddies"
691,"Cheryl Lynn"
692,"Chet Baker"
693,"Chevelle"
694,"Cheyenne Kimball"
695,"Chic"
696,"Chicago"
697,"Chicane"
698,"Chicken Lips"
699,"Chicks On Speed"
700,"Chico DeBarge"
701,"Children Of Bodom"
702,"Chingy"
703,"Chino XL"
704,"Chiodos"
705,"Chocolate Watchband"
706,"Chris Bell"
707,"Chris Botti"
708,"Chris Brown"
709,"Chris Cagle"
710,"Chris Cornell"
711,"Chris de Burgh"
712,"Chris Hillman"
713,"Chris Isaak"
714,"Chris LeDoux"
715,"Chris Rea"
716,"Chris Rice"
717,"Chris Rock"
718,"Chris Tomlin"
719,"Christian Death"
720,"Christina Aguilera"
721,"Christina Milian"
722,"Christine McVie"
723,"Christion"
724,"Chubb Rock"
725,"Chubby Checker"
726,"Chuck Berry"
727,"Chumbawamba"
728,"Ciara"
729,"Cibo Matto"
730,"Cicada"
731,"Cinderella"
732,"Cindy Bullens"
733,"Cinematics, The"
734,"Circ"
735,"Circle Jerks"
736,"Cirrus"
737,"Citizen Cope"
738,"CJ Stone"
739,"Claire Moore"
740,"Clannad"
741,"Clap Your Hands Say Yeah"
742,"Clarence \"Frogman\" Henry"
743,"Clarence Carter"
744,"Clay Aiken"
745,"Clay Walker"
746,"Clearlake"
747,"Clem Snide"
748,"Cleveland Lounge"
749,"Client"
750,"Climax Blues Band"
751,"Clinic"
752,"Clint Black"
753,"Clipse"
754,"Clivillés & Cole"
755,"Club Nouveau"
756,"Clutch"
757,"Coal Chamber"
758,"Coco Montoya"
759,"Cocteau Twins"
760,"Codeine"
761,"Coil"
762,"Cold"
763,"Cold War Kids"
764,"Coldcut"
765,"Coldplay"
766,"Colin Newman"
767,"Collective Soul"
768,"Collin Raye"
769,"Color Me Badd"
770,"Combustible Edison"
771,"Commander Tom"
772,"Commander Venus"
773,"Common"
774,"Common Rider"
775,"Compton's Most Wanted"
776,"Con Funk Shun"
777,"Concrete Blonde"
778,"Confederate Railroad"
779,"Conjure One"
780,"Consumed"
781,"Control Machete"
782,"Converge"
783,"Conway Twitty"
784,"Corbin Bleu"
785,"Corey Hart"
786,"Corinne Bailey Rae"
787,"Cornelius"
788,"Cornershop"
789,"Cosmic Gate"
790,"Cosmic Rough Riders"
791,"Count Basie"
792,"Counting Crows"
793,"Country Joe & The Fish"
794,"Cousteau"
795,"Cowboy Junkies"
796,"Cowboy Mouth"
797,"Coyote Shivers"
798,"Cracker"
799,"Cradle Of Filth"
800,"Craig David"
801,"Craig Mack"
802,"Craig Morgan"
803,"Cranes"
804,"Crash Test Dummies"
805,"Crass"
806,"Crazy Frog"
807,"Crazy Town"
808,"Crazy World Of Arthur Brown"
809,"Cream"
810,"Creed"
811,"Creedence Clearwater Revival"
812,"Crime & The City Solution"
813,"Crosby, Stills & Nash"
814,"Crosby, Stills, Nash & Young"
815,"Cross Canadian Ragweed"
816,"Crowded House"
817,"Crush"
818,"Crush"
819,"Crystal Lewis"
820,"CSS"
821,"Culture"
822,"Culture Beat"
823,"Culture Club"
824,"Cupid"
825,"Cursive"
826,"Curtis Mayfield"
827,"Curve"
828,"Curved Air"
829,"Cut Chemist"
830,"Cut Copy"
831,"Cyberaktif"
832,"Cybotron"
833,"Cyndi Lauper"
834,"Cypress Hill"
835,"D'Angelo"
836,"D.R.I."
837,"D12"
838,"D4L"
839,"Da Brat"
840,"Da Bush Babees"
841,"Dada"
842,"Daft Punk"
843,"Dag Nasty"
844,"Damian \"Junior Gong\" Marley"
845,"Damien Jurado"
846,"Damien Rice"
847,"Dan Fogelberg"
848,"Dan Hartman"
849,"Dan Zanes"
850,"Dance Gavin Dance"
851,"Dance Hall Crashers"
852,"Dandy Livingstone"
853,"Danger Doom"
854,"Daniel Bedingfield"
855,"Daniel Johnston"
856,"Daniel Lanois"
857,"Daniel Powter"
858,"Dannii Minogue"
859,"Danny Elfman"
860,"Danny Gatton"
861,"Danny Tenaglia"
862,"Dante Thomas"
863,"Danzel"
864,"Danzig"
865,"Dar Williams"
866,"Dario G"
867,"Darling Buds"
868,"Darrell Banks"
869,"Darude"
870,"Daryl"
871,"Daryle Singletary"
872,"Das EFX"
873,"Dashboard Confessional"
874,"Daughtry"
875,"Dave Brubeck"
876,"Dave Brubeck Quartet"
877,"Dave Dudley"
878,"Dave Grusin"
879,"Dave Matthews Band"
880,"Dave Navarro"
881,"David & David"
882,"David Allan Coe"
883,"David Benoit"
884,"David Bowie"
885,"David Byrne"
886,"David Cassidy"
887,"David Crosby"
888,"David Crowder Band"
889,"Davíd Garza"
890,"David Gray"
891,"David Guetta"
892,"David Holmes"
893,"David Lee Roth"
894,"David Morales"
895,"David Nichtern"
896,"David Ruffin"
897,"David Sanborn"
898,"David Shire"
899,"David Sylvian"
900,"David Usher"
901,"David Vandervelde"
902,"David Wilcox"
903,"Days Of The New"
904,"DC Talk"
905,"De La Soul"
906,"De-Phazz"
907,"Deacon Blue"
908,"Dead Or Alive"
909,"Dean Martin"
910,"Deana Carter"
911,"Death"
912,"Death By Stereo"
913,"Death Cab For Cutie"
914,"Death From Above 1979"
915,"Death In Vegas"
916,"DeBarge"
917,"Debbie Gibson"
918,"Debbie Harry"
919,"Debby Boone"
920,"Debelah Morgan"
921,"Deborah Cox"
922,"Debra Laws"
923,"Deee-Lite"
924,"Deep Blue Something"
925,"Deep Forest"
926,"Deep Puddle Dynamics"
927,"Deep Purple"
928,"Deepest Blue"
929,"Deerhoof"
930,"Deerhunter"
931,"Def Leppard"
932,"Deftones"
933,"Del Amitri"
934,"Del Shannon"
935,"Del Tha Funkee Homosapien"
936,"Delerium"
937,"Delia Gonzalez & Gavin Russom"
938,"Delirious?"
939,"Delta Goodrem"
940,"Deltron 3030"
941,"Dem Franchize Boyz"
942,"Demon Hunter"
943,"Deniece Williams"
944,"Denis Leary"
945,"Dennis Brown"
946,"Depeche Mode"
947,"Derek & The Dominos"
948,"Des'ree"
949,"Desaparecidos"
950,"Descendents"
951,"Desmond Dekker"
952,"Despina Vandi"
953,"Destiny's Child"
954,"DevilDriver"
955,"Devo"
956,"Devotchka"
957,"DeWayne Woods"
958,"Dexter Gordon"
959,"Dexy's Midnight Runners"
960,"Diamond Rio"
961,"Diana DeGarmo"
962,"Diana King"
963,"Diana Krall"
964,"Diana Reyes"
965,"Diana Ross"
966,"Diane Cluck"
967,"Dick Dale"
968,"Dido"
969,"Die Fantastischen Vier"
970,"Die Kreuzen"
971,"Die Krupps"
972,"Diecast"
973,"Dierks Bentley"
974,"Diesel Boy"
975,"Digable Planets"
976,"Digital Underground"
977,"Dimitri From Paris"
978,"Dimmu Borgir"
979,"Dinah Washington"
980,"Dinosaur Jr."
981,"Dio"
982,"Dion"
983,"Dionne Farris"
984,"Dire Straits"
985,"Dirty Pretty Things"
986,"Dirty Three"
987,"Dirty Vegas"
988,"Discount"
989,"Dishwalla"
990,"Disturbed"
991,"Dixie Chicks"
992,"Dizzee Rascal"
993,"Dizzy Gillespie"
994,"DJ Cam"
995,"DJ Clue"
996,"DJ Company"
997,"DJ Dan"
998,"DJ Food"
999,"DJ Harry"
1000,"DJ Jazzy Jeff"
1001,"DJ Jazzy Jeff & The Fresh Princ"
1002,"DJ Jean"
1003,"DJ Quik"
1004,"DJ Sammy"
1005,"DJ Shadow"
1006,"DJ Spooky"
1007,"DJ Tiësto"
1008,"Django Reinhardt"
1009,"DMX"
1010,"Do Make Say Think"
1011,"Doctor & The Medics"
1012,"Dog's Eye View"
1013,"Dogs Die In Hot Cars"
1014,"Dogzilla"
1015,"Dokken"
1016,"Dolly Parton"
1017,"Don Cherry"
1018,"Don Gibson"
1019,"Don Henley"
1020,"Don Ho"
1021,"Don McLean"
1022,"Don Omar"
1023,"Don Williams"
1024,"Donald Byrd"
1025,"Donald Fagen"
1026,"Donavon Frankenreiter"
1027,"Donell Jones"
1028,"Donna Summer"
1029,"Donnie Iris"
1030,"Donnie McClurkin"
1031,"Donny Hathaway"
1032,"Donovan"
1033,"Doris Day"
1034,"Dorothy Ashby"
1035,"Dot Allison"
1036,"Doug Martsch"
1037,"Dove Shack"
1038,"Doves"
1039,"Down"
1040,"Download"
1041,"Dr. Buzzard's Original Savannah Band"
1042,"Dr. Dre"
1043,"Dr. Elmo"
1044,"Dr. Feelgood"
1045,"Dr. Hook"
1046,"Dr. John"
1047,"Dr. Octagon"
1048,"Drake Bell"
1049,"Dread Zeppelin"
1050,"Dream"
1051,"Dream Academy"
1052,"Dream Theater"
1053,"Dredg"
1054,"Dressy Bessy"
1055,"Drill"
1056,"Drill Team"
1057,"Drive Like Jehu"
1058,"Dropkick Murphys"
1059,"Drowning Pool"
1060,"Dru Hill"
1061,"Dry Kill Logic"
1062,"Dub Narcotic Sound System"
1063,"Dubstar"
1064,"Duke Ellington"
1065,"Dumptruck"
1066,"Duncan Sheik"
1067,"Duran Duran"
1068,"Dusty Springfield"
1069,"Dwarves"
1070,"Dwight Twilley"
1071,"Dwight Yoakam"
1072,"Dyce"
1073,"Dyke & The Blazers"
1074,"E"
1075,"E-40"
1076,"E.U."
1077,"Eagle-Eye Cherry"
1078,"Eagles Of Death Metal"
1079,"Earl Grant"
1080,"Earl Klugh"
1081,"Earth, Wind & Fire"
1082,"Eartha Kitt"
1083,"East Flatbush Project"
1084,"East River Pipe"
1085,"Eazy-E"
1086,"Echo & The Bunnymen"
1087,"Echo Movement"
1088,"Echoing Angels"
1089,"Econoline Crush"
1090,"Eddie & The Hot Rods"
1091,"Eddie Cochran"
1092,"Eddie Floyd"
1093,"Eddie Harris"
1094,"Eddie Kendricks"
1095,"Eddie Money"
1096,"Eddie Murphy"
1097,"Eddie Rabbitt"
1098,"Eddie Santiago"
1099,"Eddy Howard"
1100,"Edgar Winter"
1101,"Edie Brickell"
1102,"Edie Brickell & New Bohemians"
1103,"Edison Lighthouse"
1104,"Edith Frost"
1105,"Edith Piaf"
1106,"Edwin Hawkins Singers"
1107,"Edwin McCain"
1108,"Edwin Starr"
1109,"Edwyn Collins"
1110,"Eek-A-Mouse"
1111,"Eels"
1112,"Eiffel 65"
1113,"Eighteen Visions"
1114,"El Chicano"
1115,"El Vez"
1116,"El-P"
1117,"Elastica"
1118,"Elbow"
1119,"Electrelane"
1120,"Electric Light Orchestra"
1121,"Electric Prunes"
1122,"Electric Six"
1123,"Electric Soft Parade"
1124,"Electronic"
1125,"Elefante"
1126,"Eleventh Dream Day"
1127,"Elf Power"
1128,"Eliane Elias"
1129,"Elisa"
1130,"Ella Fitzgerald"
1131,"Elliott"
1132,"Elliott Smith"
1133,"Elliott Yamin"
1134,"Elmo & Patsy"
1135,"Elmore James"
1136,"Elton John"
1137,"Elvis Costello"
1138,"Elvis Crespo"
1139,"Elvis Perkins"
1140,"Elvis Presley"
1141,"Elysian Fields"
1142,"Embrace"
1143,"Emerson Drive"
1144,"Emerson, Lake & Palmer"
1145,"Emery"
1146,"EMF"
1147,"Emiliana Torrini"
1148,"Emilie Simon"
1149,"Eminem"
1150,"Emitt Rhodes"
1151,"Emmylou Harris"
1152,"En Vogue"
1153,"Engineers"
1154,"English Beat"
1155,"Enigma"
1156,"Ennio Morricone"
1157,"Enon"
1158,"Enrique Iglesias"
1159,"Entombed"
1160,"Envy On The Coast"
1161,"Enya"
1162,"EPMD"
1163,"Erase Errata"
1164,"Erasure"
1165,"Eric B. & Rakim"
1166,"Eric Benet"
1167,"Eric Burdon & the Animals"
1168,"Eric Carmen"
1169,"Eric Clapton"
1170,"Eric Johnson"
1171,"Eric Prydz"
1172,"Eric's Trip"
1173,"Erick Sermon"
1174,"Erik Satie"
1175,"Erik Truffaz"
1176,"Erika"
1177,"Erlend Oye"
1178,"Ernest Ranglin"
1179,"Ernest Tubb"
1180,"Eros Ramazzotti"
1181,"Erykah Badu"
1182,"Escape The Fate"
1183,"Esquivel"
1184,"Esther Phillips"
1185,"Esthero"
1186,"Etienne De Crecy"
1187,"Etta James"
1188,"Europe"
1189,"Eurythmics"
1190,"Eva Cassidy"
1191,"Evan Dando"
1192,"Evanescence"
1193,"Eve"
1194,"Evelyn 'Champagne' King"
1195,"Everclear"
1196,"Everlast"
1197,"Everlife"
1198,"Everything But The Girl"
1199,"Ewan MacColl"
1200,"Exile"
1201,"Explorers Club"
1202,"Explosions In The Sky"
1203,"Expose"
1204,"Extreme"
1205,"Fabolous"
1206,"Face to Face"
1207,"Faces"
1208,"Fad Gadget"
1209,"Failure"
1210,"Fairfield Parlour"
1211,"Fairport Convention"
1212,"Fairweather"
1213,"Faith Evans"
1214,"Faith Hill"
1215,"Faith No More"
1216,"Faithless"
1217,"Falco"
1218,"Fall Out Boy"
1219,"Falling Up"
1220,"Fantasia"
1221,"Far"
1222,"Faraquet"
1223,"Faron Young"
1224,"Fastbacks"
1225,"Fastball"
1226,"Fat Joe"
1227,"Fatboy Slim"
1228,"Fats Domino"
1229,"Faust"
1230,"Faze Action"
1231,"FC Kahuna"
1232,"Fear"
1233,"Fear Factory"
1234,"Feargal Sharkey"
1235,"Federico Aubele"
1236,"Feeder"
1237,"Fefe Dobson"
1238,"Feist"
1239,"Felix Da Housecat"
1240,"Fennesz"
1241,"Fergie"
1242,"Field Mob"
1243,"Fields Of The Nephilim"
1244,"Figurines"
1245,"Filter"
1246,"Finch"
1247,"Fine Young Cannibals"
1248,"Finger Eleven"
1249,"Finley Quaye"
1250,"Finn Brothers"
1251,"Fiona Apple"
1252,"Firefall"
1253,"Firehose"
1254,"Firehouse Five Plus Two"
1255,"Firewater"
1256,"Fischerspooner"
1257,"Fishbone"
1258,"Five For Fighting"
1259,"Five Iron Frenzy"
1260,"Five.Bolt.Main"
1261,"Flamin' Groovies"
1262,"Flanger"
1263,"Fleetwood Mac"
1264,"Fleming & John"
1265,"Flesh For Lulu"
1266,"Flipper"
1267,"Flogging Molly"
1268,"Fluke"
1269,"Flunk"
1270,"Flying Burrito Brothers"
1271,"Flyleaf"
1272,"Fog"
1273,"Foggy"
1274,"Fontella Bass"
1275,"Foo Fighters"
1276,"For Real"
1277,"For Squirrels"
1278,"Foreigner"
1279,"Fort Minor"
1280,"Fountains Of Wayne"
1281,"Fourplay"
1282,"Foxy Brown"
1283,"Fozzy"
1284,"Fragma"
1285,"Franco 'El Gorila'"
1286,"Frank Black"
1287,"Frank Sinatra"
1288,"Frank Wilson"
1289,"Frank Zappa"
1290,"Frankie Avalon"
1291,"Frankie Goes To Hollywood"
1292,"Frankie J"
1293,"Frankie Knuckles"
1294,"Frankie Ruiz"
1295,"Frankie Valli"
1296,"Frankie Valli & the Four Seasons"
1297,"Franz Ferdinand"
1298,"Fred Hammond"
1299,"Fred Small"
1300,"Freddie Hubbard"
1301,"Freddie King"
1302,"Free"
1303,"Freedy Johnston"
1304,"Freeform Five"
1305,"Freeloader"
1306,"Freemasons"
1307,"Freestyle"
1308,"Freestylers"
1309,"Frenzal Rhomb"
1310,"From First to Last"
1311,"Front 242"
1312,"Frou Frou"
1313,"Fu Manchu"
1314,"Fuel"
1315,"Fugazi"
1316,"Fugees"
1317,"Fun Lovin' Criminals"
1318,"Funkadelic"
1319,"Funki Porcini"
1320,"Further Seems Forever"
1321,"Future Bible Heroes"
1322,"Future Breeze"
1323,"Future Of Forestry"
1324,"Future Sound Of London"
1325,"G-Unit"
1326,"G. Love & Special Sauce"
1327,"G.B.H."
1328,"Gadjo"
1329,"Gaelle"
1330,"Galactic"
1331,"Galaxie 500"
1332,"Gallego"
1333,"Galleon"
1334,"Gang Of Four"
1335,"Gang Starr"
1336,"Garbage"
1337,"Gary Burton"
1338,"Gary Jules"
1339,"Gary Moore"
1340,"Gary Numan"
1341,"Gary Wilson"
1342,"Gayla Peevey"
1343,"Geggy Tah"
1344,"Gene"
1345,"Gene Chandler"
1346,"Gene Kelly"
1347,"Gene Pitney"
1348,"Generation X"
1349,"Genesis"
1350,"Geoff Moore"
1351,"Geoffrey Oryema"
1352,"George Benson"
1353,"George Carlin"
1354,"George Duke"
1355,"George Garzone"
1356,"George Gershwin"
1357,"George Harrison"
1358,"George Jones"
1359,"George Kranz"
1360,"George LaMond"
1361,"George Michael"
1362,"George Shearing"
1363,"George Strait"
1364,"George Thorogood"
1365,"George Winston"
1366,"Georgia Satellites"
1367,"Gerald Levert"
1368,"Gerald Veasley"
1369,"Geri Halliwell"
1370,"Gerry Rafferty"
1371,"Get Set Go"
1372,"Ghost"
1373,"Ghost Town DJ's"
1374,"Ghostface Killah"
1375,"Gianluca Grignani"
1376,"Giant Drag"
1377,"Giggles"
1378,"Gigi D'Agostino"
1379,"Gigi Gryce"
1380,"Gigolo Aunts"
1381,"Gil Scott-Heron"
1382,"Gilbert O'Sullivan"
1383,"Gillian Welch"
1384,"Gin Blossoms"
1385,"Ginuwine"
1386,"Gipsy Kings"
1387,"Girl Trouble"
1388,"Girls Against Boys"
1389,"Girls Aloud"
1390,"Girlyman"
1391,"Gladys Knight & the Pips"
1392,"Glen Campbell"
1393,"Glenn Lewis"
1394,"Glenn Miller & His Orchestra"
1395,"Glo-Worm"
1396,"Global Deejays"
1397,"Gloria Estefan"
1398,"Glory"
1399,"Gnarls Barkley"
1400,"Go Sailor"
1401,"Go West"
1402,"Goapele"
1403,"God Forbid"
1404,"Godsmack"
1405,"Godspeed You Black Emperor"
1406,"Golden Earring"
1407,"Golden Smog"
1408,"Goldfinger"
1409,"Goldfrapp"
1410,"Goldie"
1411,"Goldrush"
1412,"Goldspot"
1413,"Gomez"
1414,"Gonzales"
1415,"Goo Goo Dolls"
1416,"Good Charlotte"
1417,"Goodie Mob"
1418,"Gordon Lightfoot"
1419,"Gordon Mote"
1420,"Gorilla Biscuits"
1421,"Gorillaz"
1422,"Gorky Park"
1423,"Gorky's Zygotic Mynci"
1424,"Gotan Project"
1425,"Gov't Mule"
1426,"Grace Jones"
1427,"Graham Coxon"
1428,"Graham Nash"
1429,"Graham Parker"
1430,"Gram Parsons"
1431,"Gran Bel Fisher"
1432,"Grand Funk Railroad"
1433,"Grand National"
1434,"Grand Puba"
1435,"Grandaddy"
1436,"Grandmaster Flash"
1437,"Grant Green"
1438,"Grant Lee Buffalo"
1439,"Grant Lee Phillips"
1440,"Grateful Dead"
1441,"Gravity Kills"
1442,"Gray Matter"
1443,"Great Big Sea"
1444,"Great White"
1445,"Green Day"
1446,"Green Jelly"
1447,"Green River"
1448,"Greenskeepers"
1449,"Greg Brown"
1450,"Greg Kihn"
1451,"Greg Laswell"
1452,"Gregory Abbott"
1453,"Gregory Isaacs"
1454,"Gretchen Wilson"
1455,"Greyboy"
1456,"Grizzly Bear"
1457,"Groove Armada"
1458,"Groove Collective"
1459,"Groove Coverage"
1460,"Groove Theory"
1461,"Grover Washington, Jr."
1462,"Guano Apes"
1463,"Guided By Voices"
1464,"Guns N' Roses"
1465,"Guru"
1466,"Gus Gus"
1467,"Gustavo Santaolalla"
1468,"Guster"
1469,"Guttermouth"
1470,"Guy"
1471,"Guy Clark"
1472,"Gwar"
1473,"Gwen Stefani"
1474,"Gyptian"
1475,"H-Town"
1476,"H.I.M."
1477,"H2O"
1478,"Haddaway"
1479,"Haircut 100"
1480,"Haley Bennett"
1481,"Hall & Oates"
1482,"Hammer"
1483,"HammerFall"
1484,"Hampton The Hampster"
1485,"Handsome Boy Modeling School"
1486,"Hank Snow"
1487,"Hank Williams"
1488,"Hank Williams Jr."
1489,"Hannah Montana"
1490,"Hanoi Rocks"
1491,"Hans Zimmer"
1492,"Hanson"
1493,"Happy Mondays"
1494,"Harajuku"
1495,"Hard-Fi"
1496,"Harold Faltermeyer"
1497,"Harold Melvin & the Blue Notes"
1498,"Harry Belafonte"
1499,"Harry Chapin"
1500,"Harry Connick Jr."
1501,"Harvie Swartz"
1502,"Hashim"
1503,"Haste The Day"
1504,"Hawksley Workman"
1505,"Hawkwind"
1506,"Hayden"
1507,"Hayden Panettiere"
1508,"Hayley Westenra"
1509,"Hayseed Dixie"
1510,"Head Automatica"
1511,"Headswim"
1512,"Heart"
1513,"Heartland"
1514,"Heather Nova"
1515,"Heather Small"
1516,"Heatmiser"
1517,"Heaven 17"
1518,"Heavenly"
1519,"Heavy D & the Boyz"
1520,"Hector & Tito"
1521,"Hector Bambino \"El Father\""
1522,"Hefner"
1523,"Helen Reddy"
1524,"Helena Paparizou"
1525,"Helium"
1526,"Hell Is For Heroes"
1527,"HelloGoodbye"
1528,"Helloween"
1529,"Helmet"
1530,"Heltah Skeltah"
1531,"Hem"
1532,"Henry Mancini"
1533,"Henry Mancini & His Orchestra"
1534,"Hepcat"
1535,"Her Space Holiday"
1536,"Herb Alpert"
1537,"Herbert"
1538,"Herbie Hancock"
1539,"Herbie Mann"
1540,"Heroes del Silencio"
1541,"Heroin"
1542,"Hey Mercedes"
1543,"HHead"
1544,"Hieroglyphics"
1545,"Hilary Duff"
1546,"Hillsong"
1547,"Hillsong United"
1548,"Hinder"
1549,"His Name Is Alive"
1550,"Hole"
1551,"Holiday"
1552,"Holly Dunn"
1553,"Holly Golightly"
1554,"Holly Valance"
1555,"Hollyridge Strings"
1556,"Hollywood Star Orchestra"
1557,"Hollywood Studio Orchestra"
1558,"Holopaw"
1559,"Hombres G"
1560,"Home Team"
1561,"Hoobastank"
1562,"Hood"
1563,"Hoodoo Gurus"
1564,"Hootie & The Blowfish"
1565,"Hoover"
1566,"Hooverphonic"
1567,"Horace Andy"
1568,"Horace Silver"
1569,"Hot Boys"
1570,"Hot Butter"
1571,"Hot Chip"
1572,"Hot Chocolate"
1573,"Hot Hot Heat"
1574,"Hot Rod Circuit"
1575,"Hot Snakes"
1576,"Hot Tuna"
1577,"Hot Water Music"
1578,"Hothouse Flowers"
1579,"House Of Pain"
1580,"Howlin' Wolf"
1581,"Hubei Song & Dance Ensemble"
1582,"Hubert Laws"
1583,"Huey"
1584,"Huggy Bear"
1585,"Hugh Grant"
1586,"Hum"
1587,"Human League"
1588,"Humble Pie"
1589,"Husker Du"
1590,"Husky Rescue"
1591,"I Killed The Prom Queen"
1592,"I Monster"
1593,"I Roy"
1594,"I:Cube"
1595,"Ian Brown"
1596,"Ian Dury"
1597,"Ian O'Brien"
1598,"Ian Pooley"
1599,"Ian Van Dahl"
1600,"Ice Cube"
1601,"Ice-T"
1602,"Iced Earth"
1603,"Icon Of Coil"
1604,"Ida"
1605,"Idlewild"
1606,"Iggy Pop"
1607,"Ignite"
1608,"iio"
1609,"Ikara Colt"
1610,"Ike & Tina Turner"
1611,"Il Divo"
1612,"Ill Nino"
1613,"Immortal"
1614,"Immortals"
1615,"Imperial Teen"
1616,"In Flames"
1617,"Inaya Day"
1618,"Incognito"
1619,"Incredible String Band"
1620,"Incubus"
1621,"India"
1622,"Indigo Girls"
1623,"Infernal"
1624,"Information Society"
1625,"Ingrid Michaelson"
1626,"Inhale Exhale"
1627,"Inner City"
1628,"Insane Clown Posse"
1629,"Inspiral Carpets"
1630,"Instrumental"
1631,"Interpol"
1632,"Into The Moat"
1633,"Intro"
1634,"INXS"
1635,"Irene Cara"
1636,"Iris DeMent"
1637,"Iron Butterfly"
1638,"Iron Maiden"
1639,"Isaac Hayes"
1640,"Israel Kamakawiwo'ole"
1641,"It Dies Today"
1642,"It's A Beautiful Day"
1643,"Ivy"
1644,"J-Kwon"
1645,"J. Geils Band"
1646,"J.J. Cale"
1647,"J.R. Writer"
1648,"Ja Rule"
1649,"Jaci Velasquez"
1650,"Jack Drag"
1651,"Jack Ingram"
1652,"Jack Johnson"
1653,"Jack Jones"
1654,"Jack Kerouac"
1655,"Jack's Mannequin"
1656,"Jackie Greene"
1657,"Jackie Moore"
1658,"Jackie Wilson"
1659,"Jackson Browne"
1660,"Jackson C. Frank"
1661,"Jackson Waters"
1662,"Jaco Pastorius"
1663,"Jacob Miller"
1664,"Jadakiss"
1665,"Jagged Edge"
1666,"Jaguar Wright"
1667,"Jah Cure"
1668,"Jaheim"
1669,"Jake Owen"
1670,"James"
1671,"James Blunt"
1672,"James Brown"
1673,"James Horner"
1674,"James Ingram"
1675,"James Taylor"
1676,"Jamie Cullum"
1677,"Jamie Foxx"
1678,"Jamie Lidell"
1679,"Jamie Scott"
1680,"Jamiroquai"
1681,"Jan Hammer"
1682,"Jane Siberry"
1683,"Jane's Addiction"
1684,"Janet Jackson"
1685,"Janis Ian"
1686,"Janis Joplin"
1687,"Jann Arden"
1688,"Japan"
1689,"Jarabe De Palo"
1690,"Jars Of Clay"
1691,"Jarvis Cocker"
1692,"Jason Aldean"
1693,"Jason Falkner"
1694,"Jason Michael Carroll"
1695,"Jason Mraz"
1696,"Jawbox"
1697,"Jawbreaker"
1698,"Jay & The Americans"
1699,"Jay-Z"
1700,"Jaylib"
1701,"Jazzanova"
1702,"JC Chasez"
1703,"Jean Grae"
1704,"Jean-Luc Ponty"
1705,"Jeannie C. Riley"
1706,"Jeannie Ortega"
1707,"Jeans Team"
1708,"Jedd Hughes"
1709,"Jedi Mind Tricks"
1710,"Jeff Beck"
1711,"Jeff Buckley"
1712,"Jeff Foxworthy"
1713,"Jefferson Airplane"
1714,"Jeffrey Osborne"
1715,"Jega"
1716,"Jejune"
1717,"Jellyfish"
1718,"Jem"
1719,"Jennifer Holliday"
1720,"Jennifer Hudson"
1721,"Jennifer Knapp"
1722,"Jennifer Lopez"
1723,"Jennifer Paige"
1724,"Jens Lekman"
1725,"Jeremy Camp"
1726,"Jeremy Enigk"
1727,"Jeremy Steig"
1728,"Jermaine Jackson"
1729,"Jermaine Stewart"
1730,"Jerry Butler"
1731,"Jerry Cantrell"
1732,"Jerry Garcia"
1733,"Jerry Garcia Band"
1734,"Jerry Jeff Walker"
1735,"Jerry Lee Lewis"
1736,"Jerry Reed"
1737,"Jerry Shelfer"
1738,"Jeru The Damaja"
1739,"Jesse Cook"
1740,"Jesse Fuller"
1741,"Jesse McCartney"
1742,"Jesse Powell"
1743,"Jessica Andrews"
1744,"Jessica Molaskey"
1745,"Jessica Simpson"
1746,"Jesus & Mary Chain"
1747,"Jet"
1748,"Jethro Tull"
1749,"Jewel"
1750,"Jill Scott"
1751,"Jill Sobule"
1752,"Jim Brickman"
1753,"Jim Carroll"
1754,"Jim Croce"
1755,"Jim O'Rourke"
1756,"Jim Reeves"
1757,"Jimi Hendrix"
1758,"Jimi Hendrix Experience"
1759,"Jimmie Rodgers"
1760,"Jimmie Vaughan"
1761,"Jimmy Buffett"
1762,"Jimmy Cliff"
1763,"Jimmy Eat World"
1764,"Jimmy McGriff"
1765,"Jimmy Reed"
1766,"Jimmy Smith"
1767,"Jimmy Somerville"
1768,"JJ72"
1769,"Jo Dee Messina"
1770,"Joan Baez"
1771,"Joan Jett"
1772,"Joan Jett & the Blackhearts"
1773,"Joan Osborne"
1774,"Joanna Newsom"
1775,"Joao Gilberto"
1776,"Jodeci"
1777,"Jody Watley"
1778,"JOE"
1779,"Joe Budden"
1780,"Joe Claussell"
1781,"Joe Cocker"
1782,"Joe Diffie"
1783,"Joe Jackson"
1784,"Joe Nichols"
1785,"Joe Pernice"
1786,"Joe Purdy"
1787,"Joe Sample"
1788,"Joe Satriani"
1789,"Joe Simon"
1790,"Joe Walsh"
1791,"John Anderson"
1792,"John Barry"
1793,"John Cale"
1794,"John Coltrane"
1795,"John Denver"
1796,"John Fahey"
1797,"John Fogerty"
1798,"John Hiatt"
1799,"John Kano"
1800,"John Lee Hooker"
1801,"John Legend"
1802,"John Lennon"
1803,"John Martyn"
1804,"John Mayer"
1805,"John McCutcheon"
1806,"John McLaughlin"
1807,"John Mellencamp"
1808,"John Michael Montgomery"
1809,"John Patton"
1810,"John Paul White"
1811,"John Prine"
1812,"John Scofield"
1813,"John Sebastian"
1814,"John Stewart"
1815,"John Tesh"
1816,"John Travolta"
1817,"John Trudell"
1818,"John Vanderslice"
1819,"John Waite"
1820,"John Williams"
1821,"Johnny \"Guitar\" Watson"
1822,"Johnny Cash"
1823,"Johnny Griffin"
1824,"Johnny Hartman"
1825,"Johnny Hates Jazz"
1826,"Johnny Horton"
1827,"Johnny Mathis"
1828,"Johnny Mercer"
1829,"Johnny O."
1830,"Johnny Rivers"
1831,"Johnny Thunders"
1832,"Johnny Williams"
1833,"Johnta Austin"
1834,"JoJo"
1835,"Jon B."
1836,"Jon Bon Jovi"
1837,"Jon McLaughlin"
1838,"Jonas Brothers"
1839,"Jonathan Edwards"
1840,"Jonathan Freeman"
1841,"Jonathan King"
1842,"Jonathan Richman"
1843,"Joni Mitchell"
1844,"Jonn Serrie"
1845,"Jonny Lang"
1846,"Jordan Hill"
1847,"Jordan Pruitt"
1848,"Joseph Arthur"
1849,"Josephine Baker"
1850,"Josh Bates"
1851,"Josh Groban"
1852,"Josh Rouse"
1853,"Josh Turner"
1854,"Joshua James"
1855,"Joshua Radin"
1856,"Joshua Redman"
1857,"Josie Cotton"
1858,"Joss Stone"
1859,"Journey"
1860,"Jovanotti"
1861,"Joy Denalane"
1862,"Joy Division"
1863,"Joy Williams"
1864,"Joyce Sims"
1865,"Judas Priest"
1866,"Judy Collins"
1867,"Judy Garland"
1868,"Judy Kuhn"
1869,"Juelz Santana"
1870,"Juice Newton"
1871,"Juicy Lucy"
1872,"Julee Cruise"
1873,"Julian Lennon"
1874,"Juliana Hatfield Three"
1875,"Juliana Luecking"
1876,"Julie Andrews"
1877,"Julie Doiron"
1878,"Julie London"
1879,"Julie Miller"
1880,"Julie Roberts"
1881,"Julieta Venegas"
1882,"Juluka"
1883,"Jump5"
1884,"Jungle Brothers"
1885,"Junior"
1886,"Junior Boys"
1887,"Junior Brown"
1888,"Junior Jack"
1889,"Junior M.A.F.I.A."
1890,"Junior Murvin"
1891,"Junior Senior"
1892,"Junior Wells"
1893,"Junkie XL"
1894,"Jurassic 5"
1895,"Justice"
1896,"Justin Hinds"
1897,"Justin Timberlake"
1898,"K's Choice"
1899,"K.D. Lang"
1900,"K5"
1901,"Kaci"
1902,"Kahimi Karie"
1903,"Kaiser Chiefs"
1904,"Kajagoogoo"
1905,"Kane Hodder"
1906,"Kansas"
1907,"Kanye West"
1908,"Kara's Flowers"
1909,"Karate"
1910,"Karen Ramirez"
1911,"Karla Bonoff"
1912,"Karyn White"
1913,"Kasabian"
1914,"Kaskade"
1915,"Kate Bush"
1916,"Kate Havnevik"
1917,"Kate Ryan"
1918,"Katharine McPhee"
1919,"Kathy Mattea"
1920,"Kathy McCarty"
1921,"Katie Melua"
1922,"Katie Webster"
1923,"Katy Rose"
1924,"Kay Kyser"
1925,"Kay Kyser & His Orchestra"
1926,"KC & The Sunshine Band"
1927,"Keak Da Sneak"
1928,"Keane"
1929,"Keb' Mo'"
1930,"Keith"
1931,"Keith Green"
1932,"Keith Jarrett"
1933,"Keith Richards"
1934,"Keith Sweat"
1935,"Keith Urban"
1936,"Keith Washington"
1937,"Keith Whitley"
1938,"Keke Palmer"
1939,"KeKe Wyatt"
1940,"Kelis"
1941,"Keller Williams"
1942,"Kelly Clarkson"
1943,"Kelly Marie"
1944,"Kelly Rowland"
1945,"Kem"
1946,"Ken Nordine"
1947,"Kenickie"
1948,"Kenna"
1949,"Kenny Chesney"
1950,"Kenny Dorham"
1951,"Kenny G"
1952,"Kenny Lattimore"
1953,"Kenny Loggins"
1954,"Kenny Rankin"
1955,"Kenny Rogers"
1956,"Kenny Rogers/Dolly Parton"
1957,"Kenny Wayne Shepherd"
1958,"Keoki"
1959,"Keren Ann"
1960,"Kevin Ayers"
1961,"Kevin Federline"
1962,"Kevin Kline"
1963,"Kevin Lyttle"
1964,"Kevin Shields"
1965,"Kevin Yost"
1966,"Khao"
1967,"Khia"
1968,"Kid Koala"
1969,"Kid Rock"
1970,"Kids In The Way"
1971,"Killing Joke"
1972,"Killswitch Engage"
1973,"Kilo Ali"
1974,"Kim English"
1975,"Kim Richey"
1976,"Kim Sozzi"
1977,"Kim Wilde"
1978,"Kimberley Locke"
1979,"Kimberley Rew"
1980,"Kind Of Like Spitting"
1981,"King Crimson"
1982,"King Curtis"
1983,"King Harvest"
1984,"King Kooba"
1985,"King Missile"
1986,"King Sunny Ade"
1987,"King's Singers"
1988,"Kingdom Come"
1989,"Kings Of Convenience"
1990,"Kings Of Leon"
1991,"Kingspade"
1992,"Kinnie Starr"
1993,"Kinski"
1994,"Kinto Sol"
1995,"Kirk Franklin"
1996,"Kirk Whalum"
1997,"Kirsty Hawkshaw"
1998,"Kiss"
1999,"Kittie"
2000,"KJ-52"
2001,"Kleeer"
2002,"Klymaxx"
2003,"KMFDM"
2004,"Knapsack"
2005,"Koffee Brown"
2006,"Kojak"
2007,"Koko Taylor"
2008,"Komeda"
2009,"Kon Kan"
2010,"Kool & The Gang"
2011,"Kool Moe Dee"
2012,"Korn"
2013,"Kosheen"
2014,"Kostars"
2015,"Koufax"
2016,"Kraftwerk"
2017,"Kris Kristofferson"
2018,"Kris Kross"
2019,"Kristian Leontiou"
2020,"Kristian Stanfill"
2021,"Kristin Hersh"
2022,"Kristine W"
2023,"Krokus"
2024,"KRS-One"
2025,"Kruder & Dorfmeister"
2026,"Krystal Meyers"
2027,"KT Tunstall"
2028,"Kula Shaker"
2029,"Kurt Bestor"
2030,"Kurtis Blow"
2031,"Kut Klose"
2032,"Kutless"
2033,"Kwame"
2034,"Kyle"
2035,"Kylie Minogue"
2036,"Kyo"
2037,"Kyu Sakamoto"
2038,"Kyuss"
2039,"L'Trimm"
2040,"L.A. Style"
2041,"L.T.D."
2042,"L7"
2043,"La Bouche"
2044,"La Ley"
2045,"La Oreja De Van Gogh"
2046,"La Sista"
2047,"LaBelle"
2048,"Lacuna Coil"
2049,"Lady Sovereign"
2050,"Ladysmith Black Mambazo"
2051,"Ladytron"
2052,"Ladytron"
2053,"Lagwagon"
2054,"Laika"
2055,"Lamb"
2056,"Lamb Of God"
2057,"Lambchop"
2058,"Lambert, Hendricks & Ross"
2059,"Land of the Loops"
2060,"Langley Schools Music Project"
2061,"Larry Carlton"
2062,"Larry Graham"
2063,"Larry The Cable Guy"
2064,"Las Ketchup"
2065,"Lasgo"
2066,"Latyrx"
2067,"Laura Branigan"
2068,"Laura Pausini"
2069,"Laurie Anderson"
2070,"Lauryn Hill"
2071,"LaVern Baker"
2072,"LCD Soundsystem"
2073,"Le Tigre"
2074,"Leah Andreone"
2075,"LeAnn Rimes"
2076,"Led Zeppelin"
2077,"Ledisi"
2078,"Lee \"Scratch\" Perry"
2079,"Lee Ann Womack"
2080,"Lee Greenwood"
2081,"Lee Michaels"
2082,"Lee Morgan"
2083,"Lee Ritenour"
2084,"Leeland"
2085,"Leftfield"
2086,"Leftover Crack"
2087,"Leftover Salmon"
2088,"Lefty Frizzell"
2089,"Lemar"
2090,"Lemon Jelly"
2091,"Lemonheads"
2092,"Lenny Kravitz"
2093,"Lenny Williams"
2094,"Leo Kottke"
2095,"Leo Sayer"
2096,"Leon Haywood"
2097,"Leon Redbone"
2098,"Leon Russell"
2099,"Leona Naess"
2100,"Leonard Cohen"
2101,"Leroy Anderson"
2102,"Les Gammas"
2103,"Les McCann"
2104,"Lesley Gore"
2105,"Less Than Jake"
2106,"Lester Flatt"
2107,"Letters To Cleo"
2108,"Level 42"
2109,"Lew Tabackin Quartet"
2110,"LFO"
2111,"Liars"
2112,"Life Of Agony"
2113,"Lifehouse"
2114,"Lifetime"
2115,"Lighthouse Family"
2116,"Lil Jon & the East Side Boyz"
2117,"Lil Scrappy"
2118,"Lil Suzy"
2119,"Lil Wayne"
2120,"Lil' Boosie"
2121,"Lil' Bow Wow"
2122,"Lil' Flip"
2123,"Lil' Josh"
2124,"Lil' Kim"
2125,"Lil' Louis & The World"
2126,"Lil' Romeo"
2127,"Lily Allen"
2128,"Lilys"
2129,"Limp Bizkit"
2130,"Lincoln Brewster"
2131,"Linda Ronstadt"
2132,"Lindsay Lohan"
2133,"Lindsey Buckingham"
2134,"Link 80"
2135,"Linkin Park"
2136,"Lio"
2137,"Lionel Richie"
2138,"Lionrock"
2139,"Liquid Liquid"
2140,"Lisa Germano"
2141,"Lisa Lisa"
2142,"Lisa Lisa & Cult Jam"
2143,"Lisa Loeb"
2144,"Lisa Loeb & Nine Stories"
2145,"Lisa Shaw"
2146,"Lisa Stansfield"
2147,"Lisette Melendez"
2148,"Lit"
2149,"Lita Ford"
2150,"Little Anthony & the Imperials"
2151,"Little Brother"
2152,"Little Feat"
2153,"Little Milton"
2154,"Little Richard"
2155,"Little River Band"
2156,"Little Texas"
2157,"Little Wings"
2158,"Live"
2159,"Living Colour"
2160,"Living Things"
2161,"Liz Phair"
2162,"Liz Story"
2163,"Liza Minnelli"
2164,"Lizz Fields"
2165,"Lizz Wright"
2166,"LL Cool J"
2167,"Lloyd"
2168,"Lloyd Banks"
2169,"Lloyd Cole"
2170,"Lloyd Price"
2171,"Lobo"
2172,"Locust"
2173,"Loggins & Messina"
2174,"London Philharmonic Orchestra"
2175,"Lone Star"
2176,"Lonestar"
2177,"Long Beach Dub Allstars"
2178,"Longpigs"
2179,"Lonnie Gordon"
2180,"Loon"
2181,"Looper"
2182,"Loose Ends"
2183,"Lords Of Acid"
2184,"Lords Of The Underground"
2185,"Loreena McKennitt"
2186,"Lorenzo"
2187,"Loretta Lynn"
2188,"Lori Carson"
2189,"Los Lobos"
2190,"Los Lonely Boys"
2191,"Los Straitjackets"
2192,"Lost Boyz"
2193,"Lost Witness"
2194,"Lostprophets"
2195,"Lou Bega"
2196,"Lou Rawls"
2197,"Lou Reed"
2198,"Loudon Wainwright III"
2199,"Louis Armstrong"
2200,"Louis Jordan & His Tympany 5"
2201,"Louis Prima"
2202,"Lovage"
2203,"Love"
2204,"Love & Rockets"
2205,"Love Spit Love"
2206,"Love Tractor"
2207,"Lovely Feathers"
2208,"Loverboy"
2209,"Low"
2210,"Lowell George"
2211,"Lucas"
2212,"Lucas Prata"
2213,"Lucia Hwong"
2214,"Lucinda Williams"
2215,"Ludacris"
2216,"Luis Fonsi"
2217,"Luis Miguel"
2218,"Luka Bloom"
2219,"Lumidee"
2220,"Luminary"
2221,"Luna"
2222,"Lunachicks"
2223,"Lupe Fiasco"
2224,"Luscious Jackson"
2225,"Lush"
2226,"Lustre"
2227,"Luther Vandross"
2228,"Luz Casal"
2229,"Lydia Lunch"
2230,"Lyfe Jennings"
2231,"Lyle Lovett"
2232,"Lyn Collins"
2233,"Lynch Mob"
2234,"Lynyrd Skynyrd"
2235,"Lyrics Born"
2236,"M People"
2237,"M. Ward"
2238,"M.O.P."
2239,"M83"
2240,"Mac Davis"
2241,"Mac Dre"
2242,"Machine Head"
2243,"Macy Gray"
2244,"Mad Caddies"
2245,"Mad Season"
2246,"Madeleine Peyroux"
2247,"Madison Avenue"
2248,"Madness"
2249,"Madonna"
2250,"Madvillain"
2251,"Magazine"
2252,"Magnapop"
2253,"Magnet"
2254,"Magnolia"
2255,"Mahalia Jackson"
2256,"Mahavishnu Orchestra"
2257,"Main Source"
2258,"Mal Waldron"
2259,"Malcolm McLaren"
2260,"Malo"
2261,"Malvina Reynolds"
2262,"Man 2 Man"
2263,"Man Or Astro-Man?"
2264,"Mana"
2265,"Mandy Moore"
2266,"Manfred Mann's Earth Band"
2267,"Manhattan Transfer"
2268,"Manic Street Preachers"
2269,"Mannheim Steamroller"
2270,"Mansun"
2271,"Manu Chao"
2272,"Manu Dibango"
2273,"Marbles"
2274,"Marc Anthony"
2275,"Marc Antoine"
2276,"Marc Cohn"
2277,"Marc Et Claude"
2278,"Marcia Griffiths"
2279,"Marcus Hummon"
2280,"Marcy Playground"
2281,"Maria Kalaniemi"
2282,"Maria McKee"
2283,"Mariah Carey"
2284,"Marianne Faithfull"
2285,"Marie Osmond"
2286,"Marilyn Manson"
2287,"Mario"
2288,"Mario Frangoulis"
2289,"Mario Lopez"
2290,"Mark Chesnutt"
2291,"Mark Knopfler"
2292,"Mark Lanegan"
2293,"Mark Ronson"
2294,"Markus Nikolai"
2295,"Marky Mark and the Funky Bunch"
2296,"Marlena Shaw"
2297,"Maroon 5"
2298,"Marques Houston"
2299,"Martha Redbone"
2300,"Martha Wainwright"
2301,"Martika"
2302,"Martin Denny"
2303,"Martin Page"
2304,"Martin Sexton"
2305,"Martin Solveig"
2306,"Martina McBride"
2307,"Martina Topley-Bird"
2308,"Marvin Gaye"
2309,"Marvin Sapp"
2310,"Mary Chapin Carpenter"
2311,"Mary J. Blige"
2312,"Mary Jane Girls"
2313,"Mary Lou Lord"
2314,"Mary Mary"
2315,"Mary Timony"
2316,"Mason Jennings"
2317,"Mason Williams"
2318,"Massive Attack"
2319,"Masta Ace Incorporated"
2320,"Master P"
2321,"Masters At Work"
2322,"Masters Of The Hemisphere"
2323,"Mastodon"
2324,"Matchbox Twenty"
2325,"Material Issue"
2326,"Mates of State"
2327,"Matisyahu"
2328,"Matt Costa"
2329,"Matt Redman"
2330,"Matt Sharp"
2331,"Matt White"
2332,"Matthew Jay"
2333,"Matthew Ryan"
2334,"Matthew Sweet"
2335,"Matthew West"
2336,"Max Sedgley"
2337,"Maxi Priest"
2338,"Maximum Joy"
2339,"Maxine Nightingale"
2340,"Maxwell"
2341,"Mayday Parade"
2342,"Maynard Ferguson"
2343,"Maysa"
2344,"Mazarin"
2345,"Mazzy Star"
2346,"MC Hammer"
2347,"MC Lars"
2348,"MC Lyte"
2349,"MC Paul Barman"
2350,"MC Solaar"
2351,"MC5"
2352,"McGuire Sisters"
2353,"Mclusky"
2354,"Me First and the Gimme Gimmes"
2355,"Me'Shell NdegeOcello"
2356,"Meat Beat Manifesto"
2357,"Meat Loaf"
2358,"Meat Puppets"
2359,"Medeski, Martin & Wood"
2360,"Megadeth"
2361,"Mel McDaniel"
2362,"Mel Torme"
2363,"Melanie C"
2364,"Melanie Doane"
2365,"Melba Moore"
2366,"Melissa Etheridge"
2367,"Melissa Manchester"
2368,"Melvin Van Peebles"
2369,"Memphis Bleek/Jay-Z"
2370,"Men At Work"
2371,"Men Without Hats"
2372,"Menomena"
2373,"Mephisto Waltz"
2374,"Mercan Dede"
2375,"Mercury Rev"
2376,"MercyMe"
2377,"Metal Church"
2378,"Metallica"
2379,"Method Man"
2380,"Methods Of Mayhem"
2381,"Metric"
2382,"Metro Area"
2383,"Mew"
2384,"Mia"
2385,"Michael Andrews"
2386,"Michael Bolton"
2387,"Michael Buble"
2388,"Michael Crawford"
2389,"Michael Didur"
2390,"Michael Feinstein"
2391,"Michael Franti & Spearhead"
2392,"Michael Gray"
2393,"Michael Jackson"
2394,"Michael Martin Murphey"
2395,"Michael McDonald"
2396,"Michael Nesmith"
2397,"Michael Penn"
2398,"Michael W. Smith"
2399,"Michel'le"
2400,"Michelle Branch"
2401,"Mick Jagger"
2402,"Mickey 3D"
2403,"Midge Ure"
2404,"Midlake"
2405,"Midnight Oil"
2406,"Midnight Star"
2407,"Midtown"
2408,"Mika"
2409,"Mike James Kirkland"
2410,"Mike Ness"
2411,"Mike Watt"
2412,"Mila J"
2413,"Miles Davis"
2414,"Milestone"
2415,"Miley Cyrus"
2416,"Milky"
2417,"Millencolin"
2418,"Milosh"
2419,"MIMS"
2420,"Min Xiao-Fen"
2421,"Mineral"
2422,"Ministry"
2423,"Minnie Driver"
2424,"Minnie Riperton"
2425,"Minor Threat"
2426,"Mint Royale"
2427,"Mirah"
2428,"Miranda Lambert"
2429,"Miranda Sex Garden"
2430,"Miriam Makeba"
2431,"Missing Persons"
2432,"Mission Of Burma"
2433,"Mississippi John Hurt"
2434,"Missy Elliott"
2435,"Missy Higgins"
2436,"Mistah F.A.B."
2437,"Mitch Miller"
2438,"MJ Cole"
2439,"Mo' Horizons"
2440,"Mobb Deep"
2441,"Moby"
2442,"Moby Grape"
2443,"Mocean Worker"
2444,"Mock Orange"
2445,"Modern Lovers"
2446,"Modest Mouse"
2447,"Modey Lemon"
2448,"Modjo"
2449,"Mogwai"
2450,"Mojave 3"
2451,"Molly Hatchet"
2452,"Moloko"
2453,"Monade"
2454,"Money Mark"
2455,"Monica"
2456,"Monifah"
2457,"Monks"
2458,"Monsoon"
2459,"Monster Magnet"
2460,"Montell Jordan"
2461,"Montgomery Gentry"
2462,"Montrose"
2463,"Moodorama"
2464,"Moodswings"
2465,"Moonbabies"
2466,"Moonbootica"
2467,"Morcheeba"
2468,"Mormon Tabernacle Choir"
2469,"Morphine"
2470,"Morrissey"
2471,"Mos Def"
2472,"Motley Crue"
2473,"Motorcycle"
2474,"Motorhead"
2475,"Motors"
2476,"Mott The Hoople"
2477,"Mount Sims"
2478,"Mountain"
2479,"Mouse On Mars"
2480,"Moxy Fruvous"
2481,"Mozella"
2482,"Mr. Big"
2483,"Mr. Bungle"
2484,"Mr. Cheeks"
2485,"Mr. Gone"
2486,"Mr. Lif"
2487,"Mr. Oizo"
2488,"Mr. Scruff"
2489,"Mr. T Experience"
2490,"Mr. Vegas"
2491,"Ms. Dynamite"
2492,"Ms. Jade"
2493,"Mstrkrft"
2494,"MU330"
2495,"Muddy Waters"
2496,"Mudhoney"
2497,"Mudvayne"
2498,"Mull Historical Society"
2499,"Múm"
2500,"Murmurs"
2501,"Muse"
2502,"Musiq"
2503,"Mustard Plug"
2504,"Mute Math"
2505,"MxPx"
2506,"My Bloody Valentine"
2507,"My Chemical Romance"
2508,"My Life With The Thrill Kill Ku"
2509,"My Morning Jacket"
2510,"My Ruin"
2511,"Mya"
2512,"Mychael Danna"
2513,"Mylo"
2514,"Mystikal"
2515,"N Sync"
2516,"N.E.R.D."
2517,"N.W.A."
2518,"N2Deep"
2519,"Nada Surf"
2520,"Naked Eyes"
2521,"Naked Music NYC"
2522,"Naked Raygun"
2523,"Nana Mouskouri"
2524,"Nanci Griffith"
2525,"Nancy Sinatra"
2526,"Nancy Wilson"
2527,"Napalm Death"
2528,"Nara Leao"
2529,"Narcotic Thrust"
2530,"Nas"
2531,"Nat King Cole"
2532,"Natacha Atlas"
2533,"Natalie Cole"
2534,"Natalie Imbruglia"
2535,"Natalie Merchant"
2536,"Natalie Walker"
2537,"Natasha Bedingfield"
2538,"Naughty By Nature"
2539,"Nazare Pereira"
2540,"Ne-Yo"
2541,"Neal McCoy"
2542,"Ned's Atomic Dustbin"
2543,"Negativland"
2544,"Neil Diamond"
2545,"Neil Finn"
2546,"Neil Halstead"
2547,"Neil Sedaka"
2548,"Neil Young"
2549,"Neko Case"
2550,"Nelly"
2551,"Nelly Furtado"
2552,"Nelson Riddle & His Orchestra"
2553,"Nena"
2554,"Neneh Cherry"
2555,"Nerf Herder"
2556,"Neu!"
2557,"Neutral Milk Hotel"
2558,"Never The Bride"
2559,"New Bomb Turks"
2560,"New Edition"
2561,"New Found Glory"
2562,"New Hawaiian Band"
2563,"New Kids On The Block"
2564,"New Model Army"
2565,"New Order"
2566,"New Radicals"
2567,"New York Dolls"
2568,"Newsboys"
2569,"Next"
2570,"Nice & Smooth"
2571,"Nice & Wild"
2572,"Nichole Nordeman"
2573,"Nick Cave"
2574,"Nick Cave & the Bad Seeds"
2575,"Nick Drake"
2576,"Nick Lachey"
2577,"Nick Lowe"
2578,"Nickel Creek"
2579,"Nickelback"
2580,"Nico"
2581,"Nicola Conte"
2582,"Night Ranger"
2583,"Nightmares On Wax"
2584,"Nightwish"
2585,"Nik Kershaw"
2586,"Nikka Costa"
2587,"Nil Lara"
2588,"Nina Nastasia"
2589,"Nina Simone"
2590,"Nine Inch Nails"
2591,"Nine Pound Hammer"
2592,"Nirvana"
2593,"Nitin Sawhney"
2594,"Nitty"
2595,"Nitty Gritty Dirt Band"
2596,"Nitzer Ebb"
2597,"Nivea"
2598,"NLT"
2599,"No Doubt"
2600,"No Knife"
2601,"No More Kings"
2602,"No Motiv"
2603,"No Use for a Name"
2604,"Noel"
2605,"Noelia"
2606,"NOFX"
2607,"Nonpoint"
2608,"Norah Jones"
2609,"Norman Brown"
2610,"Nortec Collective"
2611,"NuSpirit Helsinki"
2612,"Nusrat Fateh Ali Khan"
2613,"O-Town"
2614,"O.A.R."
2615,"O.G. Ron C."
2616,"Oasis"
2617,"Obie Bermudez"
2618,"Obie Trice"
2619,"Ocean Colour Scene"
2620,"Oceanic"
2621,"October Project"
2622,"Odetta"
2623,"Of Montreal"
2624,"Offer Nissim"
2625,"Ohio Express"
2626,"Ohio Players"
2627,"Oingo Boingo"
2628,"OK Go"
2629,"Okkervil River"
2630,"Ol' Dirty Bastard"
2631,"Olav Basoski"
2632,"Old 97's"
2633,"Old School Players"
2634,"Oleta Adams"
2635,"Olive"
2636,"Oliver Nelson"
2637,"Olivia Newton-John"
2638,"Ollano"
2639,"Omarion"
2640,"OMC"
2641,"OMD"
2642,"One Dove"
2643,"One Man Army"
2644,"One Way"
2645,"Onyx"
2646,"Oojami"
2647,"OP8"
2648,"Opal"
2649,"Operation Ivy"
2650,"Opeth"
2651,"Orange Juice"
2652,"Orbital"
2653,"Orion Too"
2654,"Orishas"
2655,"Orleans"
2656,"Orquesta Guayacan"
2657,"Os Mutantes"
2658,"OTEP"
2659,"Otis Redding"
2660,"Otis Rush"
2661,"Our Lady Peace"
2662,"Outkast"
2663,"Outlaws"
2664,"Overseer"
2665,"Oysterhead"
2666,"Ozma"
2667,"Ozomatli"
2668,"Ozzy Osbourne"
2669,"P.O.D."
2670,"Pacha Massive"
2671,"Pack"
2672,"Paco De Lucia"
2673,"Palace Brothers"
2674,"Pam Tillis"
2675,"Panda Bear"
2676,"Panic! At The Disco"
2677,"Panjabi MC"
2678,"Pansy Division"
2679,"Pantera"
2680,"Paolo Nutini"
2681,"Papa Roach"
2682,"Papas Fritas"
2683,"Paris Hilton"
2684,"Parliament"
2685,"Parov Stelar"
2686,"Passengers"
2687,"Pat Benatar"
2688,"Pat Boone"
2689,"Pat Metheny"
2690,"Pat Travers"
2691,"Patrick Doyle"
2692,"Patrick Park"
2693,"Patrick Watson"
2694,"Patsy Cline"
2695,"Patti LaBelle"
2696,"Patti Page"
2697,"Patti Rothberg"
2698,"Patti Smith"
2699,"Patti Smith Group"
2700,"Patty Griffin"
2701,"Patty Loveless"
2702,"Patty Smyth"
2703,"Paul Cardall"
2704,"Paul Hardcastle"
2705,"Paul Kelly"
2706,"Paul McCartney"
2707,"Paul McCartney & Wings"
2708,"Paul Oakenfold"
2709,"Paul Simon"
2710,"Paul Van Dyk"
2711,"Paul Wall"
2712,"Paul Weller"
2713,"Paul Westerberg"
2714,"Paul Young"
2715,"Paula Abdul"
2716,"Paula Cole"
2717,"Pavement"
2718,"Peace Orchestra"
2719,"Peaches"
2720,"Pearl Jam"
2721,"Pedro The Lion"
2722,"Pegboy"
2723,"Peggy Lee"
2724,"Penguin Cafe Orchestra"
2725,"Pennywise"
2726,"People In Planes"
2727,"Pepper"
2728,"Percy Faith & His Orchestra"
2729,"Pere Ubu"
2730,"Perez Prado"
2731,"Pernice Brothers"
2732,"Perry Como"
2733,"Pet Shop Boys"
2734,"Petalpusher"
2735,"Pete Droge"
2736,"Pete Rock & C.L. Smooth"
2737,"Pete Seeger"
2738,"Pete Townshend"
2739,"Pete Yorn"
2740,"Peter Cetera"
2741,"Peter Erskine"
2742,"Peter Frampton"
2743,"Peter Gabriel"
2744,"Peter Murphy"
2745,"Peter Sarstedt"
2746,"Peter Sellers"
2747,"Peter Tosh"
2748,"Peter, Paul & Mary"
2749,"Petey Pablo"
2750,"Petra"
2751,"Pezband"
2752,"Phantom Planet"
2753,"Phil Collins"
2754,"Phil Coulter"
2755,"Phil Ochs"
2756,"Phil Ranelin"
2757,"Phil Vassar"
2758,"Philadelphia Experiment"
2759,"Philip Bailey"
2760,"Philippe Saisse"
2761,"Phish"
2762,"Photek"
2763,"Phyllis Hyman"
2764,"Piano Magic"
2765,"Piebald"
2766,"Piero Umiliani"
2767,"Pierre Henry"
2768,"Pillar"
2769,"Pilot"
2770,"Pinback"
2771,"Pinhead Gunpowder"
2772,"Pink"
2773,"Pink Floyd"
2774,"Pink Martini"
2775,"Pitbull"
2776,"Pitchshifter"
2777,"Pizzicato Five"
2778,"PJ Harvey"
2779,"Placebo"
2780,"Plain White T's"
2781,"Plan B"
2782,"Planet Funk"
2783,"Planet Patrol"
2784,"Plastic Bertrand"
2785,"Plastic Noise Experience"
2786,"Playgroup"
2787,"Plumb"
2788,"Poe"
2789,"Poe"
2790,"Poison"
2791,"Poison Idea"
2792,"Poison The Well"
2793,"Poloroid"
2794,"Polvo"
2795,"Polysics"
2796,"Porno For Pyros"
2797,"Portastatic"
2798,"Portishead"
2799,"Powderfinger"
2800,"Praful"
2801,"Praga Khan"
2802,"Praise Cats"
2803,"Prefab Sprout"
2804,"Prefuse 73"
2805,"Preston School Of Industry"
2806,"Pretty Ricky"
2807,"Prima J"
2808,"Primal Scream"
2809,"Primus"
2810,"Prince"
2811,"Prince & the Revolution"
2812,"Prince Buster"
2813,"Priscilla Ahn"
2814,"Project Pat"
2815,"Projections"
2816,"Proof"
2817,"Propaganda"
2818,"Propagandhi"
2819,"Propellerheads"
2820,"Prototypes"
2821,"Psykosonik"
2822,"Public Domain"
2823,"Public Enemy"
2824,"Public Image Ltd."
2825,"Puddle Of Mudd"
2826,"Puff Daddy"
2827,"Puff Johnson"
2828,"Pulley"
2829,"Pulp"
2830,"Pure Prairie League"
2831,"Puretone"
2832,"Purple Ribbon All Stars"
2833,"Puscifer"
2834,"Push"
2835,"Pussy Galore"
2836,"Pussycat Dolls"
2837,"Pylon"
2838,"Q And Not U"
2839,"Q-Burns Abstract Message"
2840,"Q-Tip"
2841,"Quantic"
2842,"Quarashi"
2843,"Quasi"
2844,"Quasimoto"
2845,"Queen"
2846,"Queen Latifah"
2847,"Queens Of The Stone Age"
2848,"Queensryche"
2849,"Quicksand"
2850,"Quicksilver Messenger Service"
2851,"Quiet Riot"
2852,"Quietdrive"
2853,"Quincy Jones"
2854,"R. Kelly"
2855,"R.E.M."
2856,"RA"
2857,"Rachael Yamagata"
2858,"Rachel Panay"
2859,"Rachel Proctor"
2860,"Rachel Sweet"
2861,"Rachel's"
2862,"Rachelle Ferrell"
2863,"Rachid Taha"
2864,"Radio 4"
2865,"Radio Birdman"
2866,"Radiohead"
2867,"Radish"
2868,"Raffi"
2869,"Rage Against The Machine"
2870,"Rahsaan Roland Kirk"
2871,"Railway Children"
2872,"Rain Parade"
2873,"Rainbow"
2874,"Rainer Maria"
2875,"Rakim"
2876,"Ralph Tresvant"
2877,"Ralph's World"
2878,"Ram Jam"
2879,"Rammstein"
2880,"Ramsey Lewis"
2881,"Ramsey Lewis Trio"
2882,"Rancid"
2883,"Randy"
2884,"Randy Crawford"
2885,"Randy Newman"
2886,"Randy Travis"
2887,"Rappin' 4-Tay"
2888,"Rascal Flatts"
2889,"Rasputina"
2890,"Ratt"
2891,"Raul Midon"
2892,"Raven-Symoné"
2893,"Ravi Shankar"
2894,"Ray Anthony"
2895,"Ray Charles"
2896,"Ray Conniff"
2897,"Ray J"
2898,"Ray LaMontagne"
2899,"Ray Lynch"
2900,"Ray Parker Jr."
2901,"Ray Price"
2902,"Ray Stevens"
2903,"Razorlight"
2904,"RBD"
2905,"Ready For The World"
2906,"Reagan Youth"
2907,"Real Life"
2908,"Real McCoy"
2909,"Reba McEntire"
2910,"Rebecca St. James"
2911,"Rebirth Brass Band"
2912,"Red Carpet"
2913,"Red Garland Trio"
2914,"Red Hot Chili Peppers"
2915,"Red House Painters"
2916,"Red Peters"
2917,"Red Red Meat"
2918,"Red Snapper"
2919,"Redbone"
2920,"Redman"
2921,"Rednex"
2922,"Reef"
2923,"Reel Big Fish"
2924,"Refused"
2925,"Regina Spektor"
2926,"Registrators"
2927,"Reik"
2928,"Relient K"
2929,"Remains"
2930,"Remy Shand"
2931,"Remy Zero"
2932,"Rene Auberjonois"
2933,"REO Speedwagon"
2934,"Replicants"
2935,"Republica"
2936,"Reverend Horton Heat"
2937,"Rhonda Vincent"
2938,"Ricardo Arjona"
2939,"Rich Boy"
2940,"Rich Mullins"
2941,"Richard & Linda Thompson"
2942,"Richard Ashcroft"
2943,"Richard Buckner"
2944,"Richard Hawley"
2945,"Richard Hell"
2946,"Richard Hell & the Voidoids"
2947,"Richard Marx"
2948,"Richard Thompson"
2949,"Richard Zimmerman"
2950,"Richie Havens"
2951,"Richie Rich"
2952,"Richie Spice"
2953,"Rick Astley"
2954,"Rick Derringer"
2955,"Rick James"
2956,"Rick Ross"
2957,"Rick Springfield"
2958,"Rick Wakeman"
2959,"Rickie Lee Jones"
2960,"Ricky Martin"
2961,"Ricky Skaggs"
2962,"Ricochet"
2963,"Ride"
2964,"Right Said Fred"
2965,"Rihanna"
2966,"Rilo Kiley"
2967,"Ringo Starr"
2968,"Rinocerose"
2969,"Rise Against"
2970,"Rites Of Spring"
2971,"Riton"
2972,"Rival Schools"
2973,"RJD2"
2974,"Rob Swift"
2975,"Rob Thomas"
2976,"Rob Zombie"
2977,"Robbie Fulks"
2978,"Robbie Robertson"
2979,"Robbie Williams"
2980,"Robert Cray"
2981,"Robert Earl Keen Jr."
2982,"Robert Guillaume"
2983,"Robert Miles"
2984,"Robert Palmer"
2985,"Robert Plant"
2986,"Robert Pollard"
2987,"Roberta Flack"
2988,"Robin Horn"
2989,"Robin Luke"
2990,"Robin S."
2991,"Robin Williams"
2992,"Robyn"
2993,"Rock Kills Kid"
2994,"Rockapella"
2995,"Rockell"
2996,"Rocker's Revenge"
2997,"Rocket From The Crypt"
2998,"Rocketship"
2999,"Rockie Lynne"
3000,"Rockpile"
3001,"Rod Stewart"
3002,"Roger Miller"
3003,"Roger Sanchez"
3004,"Roger Waters"
3005,"Roger Whittaker"
3006,"Roger Williams"
3007,"Rogue Wave"
3008,"Roisin Murphy"
3009,"Rollins Band"
3010,"Rome"
3011,"Ron Sexsmith"
3012,"Ronan Keating"
3013,"Ronnie Day"
3014,"Ronnie Laws"
3015,"Ronnie Milsap"
3016,"Roomful Of Blues"
3017,"Roots Manuva"
3018,"Rory Gallagher"
3019,"Rosanne Cash"
3020,"Rose Royce"
3021,"Rosemary Clooney"
3022,"Rosenshontz"
3023,"Rosie Flores"
3024,"Roxette"
3025,"Roxy Music"
3026,"Roy Ayers"
3027,"Roy Ayers Ubiquity"
3028,"Roy Hargrove"
3029,"Roy Orbison"
3030,"Royal Crown Revue"
3031,"Royal Trux"
3032,"Royksopp"
3033,"Ruben Gonzalez"
3034,"Ruben Studdard"
3035,"Ruff Endz"
3036,"Ruff Ryders"
3037,"Rufus"
3038,"Rufus Thomas"
3039,"Rufus Wainwright"
3040,"Run-DMC"
3041,"Rupert Holmes"
3042,"Rush"
3043,"Rush of Fools"
3044,"Russ Freeman"
3045,"Russell Watson"
3046,"Rusted Root"
3047,"Ruts"
3048,"Ry Cooder"
3049,"Ryan Adams"
3050,"Ryuichi Sakamoto"
3051,"RZA"
3052,"S Club"
3053,"S Club 7"
3054,"Sade"
3055,"Safri Duo"
3056,"Sage Francis"
3057,"Sahara Hotnights"
3058,"Saint Etienne"
3059,"Saliva"
3060,"Salt 'N Pepa"
3061,"Sam Cooke"
3062,"Sam Kinison"
3063,"Sam Phillips"
3064,"Sam Prekop"
3065,"Sam Roberts"
3066,"Samantha Mumba"
3067,"Sammie"
3068,"Sammy Hagar"
3069,"Sammy Kershaw"
3070,"Samuel E. Wright"
3071,"Sandi Patty"
3072,"Santana"
3073,"Santo & Johnny"
3074,"Saosin"
3075,"Sara Groves"
3076,"Sarah Brightman"
3077,"Sarah Connor"
3078,"Sarah McLachlan"
3079,"Sarah Slean"
3080,"Sarah Vaughan"
3081,"Sarge"
3082,"Sarina Paris"
3083,"Sasha"
3084,"Satchel"
3085,"Satisfact"
3086,"Saturday Looks Good To Me"
3087,"Saul Williams"
3088,"Savage Garden"
3089,"Savatage"
3090,"Saves The Day"
3091,"Saving Jane"
3092,"Sawyer Brown"
3093,"Say Anything"
3094,"Scandal"
3095,"Scarface"
3096,"Schoolly D"
3097,"Scissor Sisters"
3098,"Scooter"
3099,"Scorpions"
3100,"Scott McKenzie"
3101,"Scott Walker"
3102,"Screamin' Jay Hawkins"
3103,"Screeching Weasel"
3104,"Scritti Politti"
3105,"Seal"
3106,"Sean Callery"
3107,"Sean Paul"
3108,"Seaweed"
3109,"Sebadoh"
3110,"Sebastian Mego"
3111,"Sebastien Tellier"
3112,"Secret Garden"
3113,"Secret Machines"
3114,"Selah"
3115,"Selena"
3116,"Self"
3117,"Self Against City"
3118,"Semisonic"
3119,"Senses Fail"
3120,"September"
3121,"Sepultura"
3122,"Serge Gainsbourg"
3123,"Sergio Mendes"
3124,"Seu Jorge"
3125,"Seven Mary Three"
3126,"Sevendust"
3127,"Shabba Ranks"
3128,"Shadows Fall"
3129,"Shaggy"
3130,"Shai"
3131,"Shakespear's Sister"
3132,"Shakira"
3133,"Shalamar"
3134,"Sham 69"
3135,"Shampoo"
3136,"Shane MacGowan & the Popes"
3137,"Shania Twain"
3138,"Shannon"
3139,"Shannon Wright"
3140,"Shape:UK"
3141,"Shapeshifters"
3142,"Sharam"
3143,"Shawn Colvin"
3144,"Shawn Mullins"
3145,"She Wants Revenge"
3146,"Shea Seger"
3147,"Shedaisy"
3148,"Sheila Chandra"
3149,"Sheila Hylton"
3150,"Shel Silverstein"
3151,"Shelby Lynne"
3152,"Shellac"
3153,"Shelly Fairchild"
3154,"Shelly Manne"
3155,"Sherwood"
3156,"Sheryl Crow"
3157,"Shiny Toy Guns"
3158,"Shirley Bassey"
3159,"Shirley Horn"
3160,"Shirley Murdock"
3161,"Shoes"
3162,"Shonen Knife"
3163,"Shooter Jennings"
3164,"Shorty Long"
3165,"Shpongle"
3166,"Shriekback"
3167,"Shudder To Think"
3168,"Shuggie Otis"
3169,"Shyne"
3170,"Sia"
3171,"Sicko"
3172,"Sidestepper"
3173,"Sidewinder"
3174,"Sielwolf"
3175,"Sigur Ros"
3176,"Silent Nick"
3177,"Silicone Soul"
3178,"Silk"
3179,"Silver Apples"
3180,"Silver Jews"
3181,"Silverchair"
3182,"Silverstein"
3183,"Simon & Garfunkel"
3184,"Simple Minds"
3185,"Simple Plan"
3186,"Simply Red"
3187,"Simply Saucer"
3188,"Sin Bandera"
3189,"Sinead O'Connor"
3190,"Sinergy"
3191,"Siouxsie & The Banshees"
3192,"Sir Mix-A-Lot"
3193,"Sisqo"
3194,"Sissy Bar"
3195,"Sister Hazel"
3196,"Sister Sledge"
3197,"Sisters Of Mercy"
3198,"Six Feet Under"
3199,"Sixpence None The Richer"
3200,"Size 14"
3201,"Sizzla"
3202,"Skankin' Pickle"
3203,"Skatenigs"
3204,"Skeleton Key"
3205,"Skid Row"
3206,"Skillet"
3207,"Skinny Puppy"
3208,"Skip James"
3209,"Skye Sweetnam"
3210,"Slade"
3211,"Slam"
3212,"Slaughter"
3213,"Slayer"
3214,"Sleater-Kinney"
3215,"Sleeper"
3216,"Slick Rick"
3217,"Slightly Stoopid"
3218,"Slint"
3219,"Slipknot"
3220,"Sloan"
3221,"Slobberbone"
3222,"Sloppy Seconds"
3223,"Slow Gherkin"
3224,"Slowdive"
3225,"Slumber Party Girls"
3226,"Sly & The Family Stone"
3227,"Small Sins"
3228,"Smash Mouth"
3229,"Smashing Pumpkins"
3230,"Smif-N-Wessun"
3231,"Smith"
3232,"Smog"
3233,"Smoke City"
3234,"Smokey Robinson"
3235,"Smoking Popes"
3236,"Snake River Conspiracy"
3237,"Snap!"
3238,"Sneaker Pimps"
3239,"Snoop Dogg"
3240,"Snot"
3241,"Snow Patrol"
3242,"Social Distortion"
3243,"Sodom"
3244,"Soft Cell"
3245,"Softies"
3246,"Soilwork"
3247,"Solomon Burke"
3248,"Someone Still Loves You Boris Y"
3249,"Something Corporate"
3250,"Son House"
3251,"Son Of Sam"
3252,"Son Volt"
3253,"Sonata Arctica"
3254,"Sonic Youth"
3255,"Sonicflood"
3256,"Sonics"
3257,"Sonique"
3258,"Sonny Rollins"
3259,"Sono"
3260,"Sons Of Freedom"
3261,"Sons Of The Desert"
3262,"Sophie B. Hawkins"
3263,"Sophie Ellis-Bextor"
3264,"Soul Asylum"
3265,"Soul Central"
3266,"Soul Control"
3267,"Soul Coughing"
3268,"Soul For Real"
3269,"Soul II Soul"
3270,"Soul Kid #1"
3271,"Soul Searchers"
3272,"Soul Seekerz"
3273,"Souls Of Mischief"
3274,"Soulsearcher"
3275,"Soulwax"
3276,"Soundgarden"
3277,"Sounds Of Blackness"
3278,"South"
3279,"Southern Culture On The Skids"
3280,"Southside Johnny & The Asbury Jukes"
3281,"Space"
3282,"Space Raiders"
3283,"Spacehog"
3284,"Spacemen 3"
3285,"Spain"
3286,"Spandau Ballet"
3287,"Sparklehorse"
3288,"Sparks"
3289,"Sparta"
3290,"Special D"
3291,"Spice Girls"
3292,"Spiller"
3293,"Spin Doctors"
3294,"Spinal Tap"
3295,"Spineshank"
3296,"Spirit"
3297,"Spiritualized"
3298,"Splack Pack"
3299,"Split Enz"
3300,"Sponge"
3301,"SpongeBob Squarepants"
3302,"Spoon"
3303,"Sprites"
3304,"Squarepusher"
3305,"Squeeze"
3306,"Squirrel Nut Zippers"
3307,"SR-71"
3308,"St. Germain"
3309,"Stabbing Westward"
3310,"Stacey Q"
3311,"Staind"
3312,"Stan Getz"
3313,"Stanley Clarke"
3314,"Stanley Jordan"
3315,"Starbuck"
3316,"Starland Vocal Band"
3317,"Starsailor"
3318,"Starship"
3319,"Starsplash"
3320,"Stat Quo"
3321,"Static-X"
3322,"Status IV"
3323,"Stealers Wheel"
3324,"Steel Pulse"
3325,"Steely Dan"
3326,"Stephane Grappelli"
3327,"Stephane Pompougnac"
3328,"Stephanie Cooke"
3329,"Stephanie Mills"
3330,"Stephen Malkmus"
3331,"Steppenwolf"
3332,"Stereo Total"
3333,"Stereolab"
3334,"Stereophonics"
3335,"Steriogram"
3336,"Steve Earle"
3337,"Steve Goodman"
3338,"Steve Harley & Cockney Rebel"
3339,"Steve Martin"
3340,"Steve Miller Band"
3341,"Steve Perry"
3342,"Steve Vai"
3343,"Steve Winwood"
3344,"Steven Curtis Chapman"
3345,"Steven Halpern"
3346,"Stevie Nicks"
3347,"Stevie Ray Vaughan"
3348,"Stevie Wonder"
3349,"Stiff Little Fingers"
3350,"Still Remains"
3351,"Stina Nordenstam"
3352,"Sting"
3353,"Stone Sour"
3354,"Stone Temple Pilots"
3355,"Stonebridge"
3356,"Story Of The Year"
3357,"Strapping Young Lad"
3358,"Strata"
3359,"Stretch"
3360,"Stretch Arm Strong"
3361,"Strikers"
3362,"Strung Out"
3363,"Stryper"
3364,"Studio B"
3365,"Stunt"
3366,"Styx"
3367,"Suba"
3368,"Sublime"
3369,"Subtle"
3370,"Suede"
3371,"Sufjan Stevens"
3372,"Suga Free"
3373,"Sugababes"
3374,"Sugar"
3375,"Sugar Beats"
3376,"Sugar Ray"
3377,"Sugarcult"
3378,"Sugarland"
3379,"Suicidal Tendencies"
3380,"Suicide"
3381,"Sum 41"
3382,"Sun Kil Moon"
3383,"Sun Ra"
3384,"Sunday's Best"
3385,"Sunna"
3386,"Sunny Day Real Estate"
3387,"Supafly, Inc."
3388,"Super Deluxe"
3389,"Super Furry Animals"
3390,"Superchunk"
3391,"Superdrag"
3392,"Supergrass"
3393,"Supermode"
3394,"Supernova"
3395,"Supertramp"
3396,"Supreme Beings Of Leisure"
3397,"Surface 10"
3398,"Survivor"
3399,"Susan Tedeschi"
3400,"Susannah McCorkle"
3401,"Susheela Raman"
3402,"Suzanne Palmer"
3403,"Suzanne Vega"
3404,"Svend Asmussen"
3405,"Swamp Dogg"
3406,"Swan Lake"
3407,"Swayzak"
3408,"Sweet"
3409,"Sweet Honey In The Rock"
3410,"Sweet Sensation"
3411,"Sweetback"
3412,"Swervedriver"
3413,"Swing Out Sister"
3414,"Swingin' Utters"
3415,"Swirlies"
3416,"Switch"
3417,"Switchblade Symphony"
3418,"Switchfoot"
3419,"Swollen Members"
3420,"SWV"
3421,"Syd Barrett"
3422,"Syd Matters"
3423,"Sylvia"
3424,"Syntax"
3425,"System Of A Down"
3426,"T'Pau"
3427,"T-Bone Walker"
3428,"T-Pain"
3429,"T-Squad"
3430,"T.A.T.U."
3431,"T.I."
3432,"T.S.O.L."
3433,"Taco"
3434,"Tahiti 80"
3435,"Taj Mahal"
3436,"Tajai"
3437,"Takako Minekawa"
3438,"Take 6"
3439,"Take That"
3440,"Taking Back Sunday"
3441,"Talib Kweli"
3442,"Talk Talk"
3443,"Talking Heads"
3444,"Tally Hall"
3445,"Talulah Gosh"
3446,"Talvin Singh"
3447,"Tamia"
3448,"Tammy Wynette"
3449,"Tangerine Dream"
3450,"Tanya Stephens"
3451,"Tanya Tucker"
3452,"Tapes 'n Tapes"
3453,"Taproot"
3454,"Tarkan"
3455,"Tavares"
3456,"Taxiride"
3457,"Taylor Dayne"
3458,"Taylor Hicks"
3459,"Taylor Swift"
3460,"Team Dresch"
3461,"Tears For Fears"
3462,"Ted Leo"
3463,"Ted Nugent"
3464,"Teddy Geiger"
3465,"Teddy Pendergrass"
3466,"Teddybears"
3467,"Teena Marie"
3468,"Teenage Fanclub"
3469,"Telepopmusik"
3470,"Television"
3471,"Television Personalities"
3472,"Temple Of The Dog"
3473,"Ten City"
3474,"Tenacious D"
3475,"Tenderoni"
3476,"Terence Trent D'Arby"
3477,"Terri Clark"
3478,"Terry Cashman"
3479,"Terry Jacks"
3480,"Tesla"
3481,"Tess"
3482,"Test Your Reflex"
3483,"Testament"
3484,"Tevin Campbell"
3485,"Texas"
3486,"Texas Is The Reason"
3487,"Tha Alkaholiks"
3488,"Thalia"
3489,"That Dog"
3490,"That Petrol Emotion"
3491,"The 411"
3492,"The 5th Dimension"
3493,"The 69 Eyes"
3494,"The 6ths"
3495,"The Academy Is..."
3496,"The Adicts"
3497,"The Adverts"
3498,"The Afters"
3499,"The Aggrovators"
3500,"The Alan Parsons Project"
3501,"The Album Leaf"
3502,"The All-American Rejects"
3503,"The Allman Brothers Band"
3504,"The Almost"
3505,"The Amalgamation of Soundz"
3506,"The American Analog Set"
3507,"The Amps"
3508,"The Andrews Sisters"
3509,"The Androids"
3510,"The Angry Samoans"
3511,"The Animals"
3512,"The Anniversary"
3513,"The Apples In Stereo"
3514,"The Association"
3515,"The Ataris"
3516,"The Auteurs"
3517,"The Avalanches"
3518,"The B-52's"
3519,"The Babys"
3520,"The Bamboos"
3521,"The Band"
3522,"The Bangles"
3523,"The Bar-Kays"
3524,"The Bates"
3525,"The Bats"
3526,"The Beach Boys"
3527,"The Beautiful Girls"
3528,"The Beautiful South"
3529,"The Bee Gees"
3530,"The Bellamy Brothers"
3531,"The BellRays"
3532,"The Beta Band"
3533,"The Birthday Party"
3534,"The Black Crowes"
3535,"The Black Keys"
3536,"The Blackbyrds"
3537,"The Blow"
3538,"The Blue Hawaiians"
3539,"The Blue Nile"
3540,"The Blues Brothers"
3541,"The Bluetones"
3542,"The Bobs"
3543,"The BoDeans"
3544,"The Boo Radleys"
3545,"The Boomtown Rats"
3546,"The Bouncing Souls"
3547,"The Brady Bunch"
3548,"The Brand New Heavies"
3549,"The Bravery"
3550,"The Breeders"
3551,"The Brother Kite"
3552,"The Brothers Cazimero"
3553,"The Brothers Johnson"
3554,"The Bucketheads"
3555,"The Byrds"
3556,"The Bystanders"
3557,"The Cabin Crew"
3558,"The Call"
3559,"The Calling"
3560,"The Cardigans"
3561,"The Carpenters"
3562,"The Cars"
3563,"The Carter Family"
3564,"The Castaways"
3565,"The Casualties"
3566,"The Catheters"
3567,"The Chambers Brothers"
3568,"The Champs"
3569,"The Charlatans U.K."
3570,"The Charlie Daniels Band"
3571,"The Cheetah Girls"
3572,"The Chemical Brothers"
3573,"The Chi-Lites"
3574,"The Chieftains"
3575,"The Chills"
3576,"The Chinkees"
3577,"The Chipmunks"
3578,"The Chordettes"
3579,"The Church"
3580,"The Cinematic Orchestra"
3581,"The Clash"
3582,"The Click Five"
3583,"The Clientele"
3584,"The Clovers"
3585,"The Coasters"
3586,"The Commitments"
3587,"The Commodores"
3588,"The Communards"
3589,"The Comsat Angels"
3590,"The Concretes"
3591,"The Connells"
3592,"The Coral"
3593,"The Corrs"
3594,"The Coup"
3595,"The Cover Girls"
3596,"The Cramps"
3597,"The Cranberries"
3598,"The Creation"
3599,"The Crests"
3600,"The Crew Cuts"
3601,"The Crickets"
3602,"The Critters"
3603,"The Cruxshadows"
3604,"The Crystal Method"
3605,"The Cult"
3606,"The Cure"
3607,"The Czars"
3608,"The Damned"
3609,"The Damnwells"
3610,"The Dandy Warhols"
3611,"The Darkness"
3612,"The Datsuns"
3613,"The Dave Clark Five"
3614,"The dB's"
3615,"The Dead 60s"
3616,"The Dead Boys"
3617,"The Dead Kennedys"
3618,"The Dead Milkmen"
3619,"The Dears"
3620,"The Decemberists"
3621,"The Del Vikings"
3622,"The Delgados"
3623,"The Dells"
3624,"The Detroit Cobras"
3625,"The Devlins"
3626,"The Diamonds"
3627,"The Dickies"
3628,"The Dictators"
3629,"The Dillinger Escape Plan"
3630,"The Disposable Heroes of Hiphoprisy"
3631,"The Distillers"
3632,"The Divine Comedy"
3633,"The Divinyls"
3634,"The Dixie Dregs"
3635,"The Donnas"
3636,"The Doobie Brothers"
3637,"The Doors"
3638,"The Dramatics"
3639,"The Drifters"
3640,"The Dubliners"
3641,"The Dukes Of Stratosphear"
3642,"The Eagles"
3643,"The Easybeats"
3644,"The Enchanters"
3645,"The Equals"
3646,"The Escape Club"
3647,"The Essex Green"
3648,"The Ethiopians"
3649,"The Evens"
3650,"The Everly Brothers"
3651,"The Exies"
3652,"The Exploding Hearts"
3653,"The Exploited"
3654,"The Fabulous Thunderbirds"
3655,"The Fair Sex"
3656,"The Fall"
3657,"The Fall Of Troy"
3658,"The Fat Boys"
3659,"The Fatback Band"
3660,"The Fatima Mansions"
3661,"The Feeling"
3662,"The Feeling"
3663,"The Fiery Furnaces"
3664,"The Fire Theft"
3665,"The Firebird Band"
3666,"The Firm"
3667,"The Fixx"
3668,"The Flaming Lips"
3669,"The Flirtations"
3670,"The Floaters"
3671,"The Flying Lizards"
3672,"The Folk Implosion"
3673,"The Foundations"
3674,"The Four Seasons"
3675,"The Four Tops"
3676,"The Frames"
3677,"The Fratellis"
3678,"The Fray"
3679,"The Friends Of Distinction"
3680,"The Fugs"
3681,"The Futureheads"
3682,"The Game"
3683,"The Gap Band"
3684,"The Geraldine Fibbers"
3685,"The Germs"
3686,"The Get Up Kids"
3687,"The Geto Boys"
3688,"The Glands"
3689,"The Go Team"
3690,"The Go! Team"
3691,"The Go-Betweens"
3692,"The Go-Go's"
3693,"The Go-Go's"
3694,"The Golden Palominos"
3695,"The Good, The Bad & The Queen"
3696,"The Gossip"
3697,"The Grass Roots"
3698,"The Groovie Ghoulies"
3699,"The Guess Who"
3700,"The Gun Club"
3701,"The Halo Benders"
3702,"The Hang Ups"
3703,"The Hardship Post"
3704,"The Helio Sequence"
3705,"The Herbaliser"
3706,"The High Llamas"
3707,"The High Speed Scene"
3708,"The Higher"
3709,"The Hives"
3710,"The Honeycombs"
3711,"The House Of Love"
3712,"The Humpers"
3713,"The Hurt Process"
3714,"The Impalas"
3715,"The Impressions"
3716,"The Innocence Mission"
3717,"The Isley Brothers"
3718,"The J.B.'s"
3719,"The Jackson 5"
3720,"The Jacksons"
3721,"The Jam"
3722,"The Jayhawks"
3723,"The Jeff Healey Band"
3724,"The John Butler Trio"
3725,"The Juan Maclean"
3726,"The Judds"
3727,"The Katinas"
3728,"The Kentucky Headhunters"
3729,"The Killers"
3730,"The Kills"
3731,"The Kingsmen"
3732,"The Kingston Trio"
3733,"The Kinks"
3734,"The KLF"
3735,"The Knack"
3736,"The Knife"
3737,"The Knitters"
3738,"The Kooks"
3739,"The La's"
3740,"The Lady Of Rage"
3741,"The Ladybug Transistor"
3742,"The Last Dance"
3743,"The Last Poets"
3744,"The Left Banke"
3745,"The Libertines"
3746,"The Lightning Seeds"
3747,"The Like"
3748,"The Lively Ones"
3749,"The Living End"
3750,"The Lounge Lizards"
3751,"The Lovin' Spoonful"
3752,"The Lox"
3753,"The Lupins"
3754,"The Magic Numbers"
3755,"The Magnetic Fields"
3756,"The Mamas & The Papas"
3757,"The Manhattans"
3758,"The Mars Volta"
3759,"The Marshall Tucker Band"
3760,"The Martinis"
3761,"The Mavericks"
3762,"The Mekons"
3763,"The Melodians"
3764,"The Meters"
3765,"The Microphones"
3766,"The Mighty Lemon Drops"
3767,"The Mighty Mighty Bosstones"
3768,"The Mills Brothers"
3769,"The Minders"
3770,"The Minutemen"
3771,"The Miracles"
3772,"The Misfits"
3773,"The Mission UK"
3774,"The Monkees"
3775,"The Moody Blues"
3776,"The Moog Cookbook"
3777,"The Mooney Suzuki"
3778,"The Mothers Of Invention"
3779,"The Mountain Goats"
3780,"The Muppets"
3781,"The Murder City Devils"
3782,"The Music"
3783,"The Naked Brothers Band"
3784,"The Neighborhoods"
3785,"The Neville Brothers"
3786,"The Nixons"
3787,"The Notorious B.I.G."
3788,"The Nudes"
3789,"The O'Jays"
3790,"The Ocean Blue"
3791,"The Offspring"
3792,"The Olivia Tremor Control"
3793,"The Ones"
3794,"The Orange Peels"
3795,"The Orb"
3796,"The Origin"
3797,"The Originals"
3798,"The Outfield"
3799,"The Pack"
3800,"The Panic Channel"
3801,"The Paper Dolls"
3802,"The Pastels"
3803,"The Pattern"
3804,"The Paul Butterfield Blues Band"
3805,"The Perishers"
3806,"The Persuaders"
3807,"The Persuasions"
3808,"The Pharcyde"
3809,"The Pink Spiders"
3810,"The Pixies"
3811,"The Platters"
3812,"The Players Association"
3813,"The Plimsouls"
3814,"The Pogues"
3815,"The Pointer Sisters"
3816,"The Police"
3817,"The Polyphonic Spree"
3818,"The Ponys"
3819,"The Pop Group"
3820,"The Posies"
3821,"The Postal Service"
3822,"The Power Station"
3823,"The Pretenders"
3824,"The Pretty Things"
3825,"The Proclaimers"
3826,"The Prodigy"
3827,"The Promise Ring"
3828,"The Psychedelic Furs"
3829,"The Push Kings"
3830,"The Queers"
3831,"The Radiators"
3832,"The Radio Dept."
3833,"The Raincoats"
3834,"The Rakes"
3835,"The Ramones"
3836,"The Rapture"
3837,"The Rasmus"
3838,"The Raveonettes"
3839,"The Real Kids"
3840,"The Real Tuesday Weld"
3841,"The Records"
3842,"The Red Chord"
3843,"The Red Krayola"
3844,"The Refreshments"
3845,"The Reindeer Section"
3846,"The Rentals"
3847,"The Replacements"
3848,"The Residents"
3849,"The Rezillos"
3850,"The Righteous Brothers"
3851,"The Rippingtons"
3852,"The Roches"
3853,"The Rolling Stones"
3854,"The Romantics"
3855,"The Ronettes"
3856,"The Roots"
3857,"The Rubinoos"
3858,"The Rutles"
3859,"The S.O.S. Band"
3860,"The Saints"
3861,"The Samples"
3862,"The Scientists"
3863,"The Sea & Cake"
3864,"The Seahorses"
3865,"The Seeds"
3866,"The Selecter"
3867,"The Sentinals"
3868,"The Sequence"
3869,"The Sex Pistols"
3870,"The Shamen"
3871,"The Shangri-Las"
3872,"The Shins"
3873,"The Shirelles"
3874,"The Shroud"
3875,"The Simpsons"
3876,"The Singing Dogs"
3877,"The Skatalites"
3878,"The Skids"
3879,"The Sleepy Jackson"
3880,"The Slip"
3881,"The Slits"
3882,"The Small Faces"
3883,"The Smithereens"
3884,"The Smiths"
3885,"The Soft Boys"
3886,"The Softies"
3887,"The Soul Sisters"
3888,"The Soundtrack Of Our Lives"
3889,"The Specials"
3890,"The Spinanes"
3891,"The Spinners"
3892,"The Spinto Band"
3893,"The Standells"
3894,"The Stands"
3895,"The Stanley Brothers"
3896,"The Staple Singers"
3897,"The Stills"
3898,"The Stone Roses"
3899,"The Stooges"
3900,"The Story"
3901,"The Stranglers"
3902,"The Stray Cats"
3903,"The Strokes"
3904,"The Style Council"
3905,"The Stylistics"
3906,"The Sugarcubes"
3907,"The Sugarhill Gang"
3908,"The Suicide Machines"
3909,"The Sundays"
3910,"The Sunshine Fix"
3911,"The Supremes"
3912,"The Surfaris"
3913,"The System"
3914,"The Tea Party"
3915,"The Tear Garden"
3916,"The Temptations"
3917,"The Tender Box"
3918,"The Texas Tornados"
3919,"The The"
3920,"The Thermals"
3921,"The Thompson Twins"
3922,"The Three Degrees"
3923,"The Thrills"
3924,"The Time"
3925,"The Toasters"
3926,"The Tokens"
3927,"The Tony Rich Project"
3928,"The Tornados"
3929,"The Tragically Hip"
3930,"The Trash Can Sinatras"
3931,"The Troggs"
3932,"The Turtles"
3933,"The Twilight Singers"
3934,"The Underdog Project"
3935,"The Undertones"
3936,"The Union Underground"
3937,"The United States Of America"
3938,"The Unseen"
3939,"The Untouchables"
3940,"The Upper Crust"
3941,"The Used"
3942,"The Vandals"
3943,"The Vapors"
3944,"The Vaselines"
3945,"The Velvet Underground"
3946,"The Ventures"
3947,"The Veronicas"
3948,"The Verve"
3949,"The Verve Pipe"
3950,"The View"
3951,"The Vines"
3952,"The Violent Femmes"
3953,"The Violet Burning"
3954,"The Von Bondies"
3955,"The Waco Brothers"
3956,"The Waifs"
3957,"The Waitresses"
3958,"The Wallflowers"
3959,"The Waterboys"
3960,"The Watson Twins"
3961,"The Weakerthans"
3962,"The Wedding Present"
3963,"The Whispers"
3964,"The White Stripes"
3965,"The Who"
3966,"The Williams Brothers"
3967,"The Williams Brothers"
3968,"The Winans"
3969,"The Wipers"
3970,"The Wiseguys"
3971,"The Wombats"
3972,"The Wonders"
3973,"The Wreckers"
3974,"The Wrens"
3975,"The X-Ecutioners"
3976,"The Yardbirds"
3977,"The Young Rascals"
3978,"The Youngbloods"
3979,"The Zambonis"
3980,"The Zombies"
3981,"The Zutons"
3982,"Thee Headcoatees"
3983,"Thelonious Monk"
3984,"Thelonious Monk Trio"
3985,"Themselves"
3986,"Theory Of A Deadman"
3987,"They Might Be Giants"
3988,"Thicke"
3989,"Thievery Corporation"
3990,"Thin Lizzy"
3991,"Thinking Fellers Union Local 28"
3992,"Third Day"
3993,"Third Eye Blind"
3994,"Third World"
3995,"This Beautiful Republic"
3996,"This Mortal Coil"
3997,"Thom Yorke"
3998,"Thomas Newman"
3999,"Those Darn Accordions!"
4000,"Three 6 Mafia"
4001,"Three Days Grace"
4002,"Three Dog Night"
4003,"Three Mile Pilot"
4004,"Thrice"
4005,"Throbbing Gristle"
4006,"Throwing Muses"
4007,"Thunderball"
4008,"Thursday"
4009,"Thurston Moore"
4010,"Tiesto"
4011,"Tiffany"
4012,"Tiger Army"
4013,"Tiger Trap"
4014,"Tim Buckley"
4015,"Tim Hardin"
4016,"Tim Hughes"
4017,"Tim McGraw"
4018,"Timbuk 3"
4019,"Tina Turner"
4020,"Tindersticks"
4021,"Tiny Tim"
4022,"Tipsy"
4023,"Titan"
4024,"Tito \"El Bambino\""
4025,"Tito Puente"
4026,"Tiziano Ferro"
4027,"TKA"
4028,"TLC"
4029,"To Kool Chris"
4030,"Toad The Wet Sprocket"
4031,"Toadies"
4032,"Tobin Sprout"
4033,"Toby Keith"
4034,"Toby Love"
4035,"TobyMac"
4036,"Todd Agnew"
4037,"Todd Rundgren"
4038,"Todd Snider"
4039,"Tom Jones"
4040,"Tom Lehrer"
4041,"Tom McRae"
4042,"Tom Petty"
4043,"Tom Petty & the Heartbreakers"
4044,"Tom Tom Club"
4045,"Tom Waits"
4046,"Tom Ze"
4047,"Tomcraft"
4048,"Tommy James & the Shondells"
4049,"Tomorrow"
4050,"Tonasia"
4051,"Toni Braxton"
4052,"Tonic"
4053,"Tony Allen"
4054,"Tony Bennett"
4055,"Tony Dize"
4056,"Tony Joe White"
4057,"Tony Orlando & Dawn"
4058,"Tony Terry"
4059,"Tony Toni Tone"
4060,"Tony Tribe"
4061,"Too Much Joy"
4062,"Too Short"
4063,"Tool"
4064,"Toots & The Maytals"
4065,"Toploader"
4066,"Tori Amos"
4067,"Tortoise"
4068,"Tosca"
4069,"Toto"
4070,"Toto Cutugno"
4071,"Toussaint McCall"
4072,"Tower Of Power"
4073,"Townes Van Zandt"
4074,"Toy Dolls"
4075,"Trace Adkins"
4076,"Traci Lords"
4077,"Tracie Spencer"
4078,"Tracy Bonham"
4079,"Tracy Byrd"
4080,"Tracy Chapman"
4081,"Tracy Lawrence"
4082,"Traffic"
4083,"Trafik"
4084,"Train"
4085,"Trans Am"
4086,"Trans-Siberian Orchestra"
4087,"Transplants"
4088,"Travis"
4089,"Travis Morrison"
4090,"Travis Tritt"
4091,"Treepeople"
4092,"Trembling Blue Stars"
4093,"Trent Reznor"
4094,"Trevor Rabin"
4095,"Trey Songz"
4096,"Trick Daddy"
4097,"Trick Pony"
4098,"Tricky"
4099,"Trina"
4100,"Trina Broussard"
4101,"Trinere"
4102,"Tripping Daisy"
4103,"Trisha Yearwood"
4104,"Tristeza"
4105,"Triumph"
4106,"Trivium"
4107,"Troop"
4108,"Troublemakers"
4109,"Trout Fishing In America"
4110,"Truth Hurts"
4111,"Tum-Tum"
4112,"Turbonegro"
4113,"Turin Brakes"
4114,"Tuscadero"
4115,"Tuxedomoon"
4116,"TV On The Radio"
4117,"Tweet"
4118,"Twista"
4119,"Twisted Black"
4120,"Twisted Sister"
4121,"Two Witches"
4122,"Ty Herndon"
4123,"Tyler Bates"
4124,"Tyler Hilton"
4125,"Type O Negative"
4126,"Tyrese"
4127,"Tyrone Davis"
4128,"U.T.F.O."
4129,"U2"
4130,"UB40"
4131,"UGK"
4132,"Ugly Casanova"
4133,"Ugly Duckling"
4134,"Ugly Kid Joe"
4135,"UK Subs"
4136,"Ulrich Schnauss"
4137,"Ultra Nate"
4138,"Ultra Vivid Scene"
4139,"Ultrabeat"
4140,"Ultramagnetic MC's"
4141,"Ultraspank"
4142,"Ultravox"
4143,"Uncle Green"
4144,"Uncle Kracker"
4145,"Uncle Sam"
4146,"Uncle Tupelo"
4147,"Under The Influence Of Giants"
4148,"Underoath"
4149,"Underworld"
4150,"United Future Organization"
4151,"Uniting Nations"
4152,"University Of Michigan Band"
4153,"Unk"
4154,"UNKLE"
4155,"Unkle Bob"
4156,"Unrest"
4157,"Unwritten Law"
4158,"Urge Overkill"
4159,"Uriah Heep"
4160,"Ursula 1000"
4161,"USA For Africa"
4162,"Usher"
4163,"Utah Saints"
4164,"Valerie Carter"
4165,"Van Halen"
4166,"Van Morrison"
4167,"Vanessa Carlton"
4168,"Vanessa Hudgens"
4169,"Vanessa Williams"
4170,"Vangelis"
4171,"Vanilla Fudge"
4172,"Vanilla Ice"
4173,"VAST"
4174,"Vaughn Monroe"
4175,"Velocity Girl"
4176,"Velvet Acid Christ"
4177,"Velvet Revolver"
4178,"Venetian Snares"
4179,"Vengaboys"
4180,"Vertical Horizon"
4181,"Veruca Salt"
4182,"Vetiver"
4183,"VHS Or Beta"
4184,"Vic Chesnutt"
4185,"Vice Squad"
4186,"Vicki Lawrence"
4187,"Victoria Williams"
4188,"Village People"
4189,"Vince Gill"
4190,"Vince Guaraldi"
4191,"Vince Guaraldi Trio"
4192,"Vincent Gallo"
4193,"Virginia Coalition"
4194,"Vitalic"
4195,"Vitamin C"
4196,"VNV Nation"
4197,"Voltio"
4198,"Vonda Shepard"
4199,"Voodoo Glow Skulls"
4200,"Voxtrot"
4201,"Wade Hayes"
4202,"Waking Ashland"
4203,"Waldeck"
4204,"Walls Of Jericho"
4205,"Walter Egan"
4206,"Walter Wanderley"
4207,"Wanda Jackson"
4208,"Wang Chung"
4209,"War"
4210,"Warp Brothers"
4211,"Warrant"
4212,"Warren Zevon"
4213,"Was"
4214,"Wax"
4215,"Waylon Jennings"
4216,"Wayne Newton"
4217,"Wayne Shorter"
4218,"We The People"
4219,"Weather Report"
4220,"Weekender"
4221,"Ween"
4222,"Weezer"
4223,"Weird Al Yankovic"
4224,"Wes King"
4225,"Wes Montgomery"
4226,"Wesley Willis"
4227,"West Indian Girl"
4228,"Westlife"
4229,"Weston"
4230,"Wham!"
4231,"Wheatus"
4232,"Whiskeytown"
4233,"White Lion"
4234,"White Zombie"
4235,"Whitesnake"
4236,"Whitlams"
4237,"Whitney Houston"
4238,"Whodini"
4239,"Why?"
4240,"Widespread Panic"
4241,"Wilco"
4242,"Wild Strawberries"
4243,"Wiley"
4244,"Will Downing"
4245,"Will Smith"
4246,"Will To Power"
4247,"Will Young"
4248,"Will.i.am"
4249,"William Bell"
4250,"William Clarke"
4251,"William DeVaughn"
4252,"William Orbit"
4253,"William S. Burroughs"
4254,"Willie Bobo"
4255,"Willie Dixon"
4256,"Willie Hutch"
4257,"Willie Nelson"
4258,"Willie Williams"
4259,"Willy Mason"
4260,"Willy Porter"
4261,"Wilson Phillips"
4262,"Wilson Pickett"
4263,"Windsor For The Derby"
4264,"Winger"
4265,"Wings"
4266,"Wink"
4267,"Wire"
4268,"Wired All Wrong"
4269,"Within Temptation"
4270,"Wolfmother"
4271,"Wolfsheim"
4272,"Womack & Womack"
4273,"Woody Herman"
4274,"World Party"
4275,"Wreckless Eric"
4276,"Wreckx-N-Effect"
4277,"Wu-Tang Clan"
4278,"Wyclef Jean"
4279,"Wynton Marsalis"
4280,"X"
4281,"X-Mal Deutschland"
4282,"X-Press 2"
4283,"X-Ray Spex"
4284,"Xavier Rudd"
4285,"Xaviera"
4286,"Xiu Xiu"
4287,"Xscape"
4288,"XTC"
4289,"Xtreme"
4290,"Xzibit"
4291,"Y&T"
4292,"Y?N-Vee"
4293,"Yanni"
4294,"Yeah Yeah Yeahs"
4295,"Yello"
4296,"Yellow Magic Orchestra"
4297,"Yellowcard"
4298,"Yellowjackets"
4299,"Yes"
4300,"Ying Yang Twins"
4301,"Yma Sumac"
4302,"Yngwie Malmsteen"
4303,"Yo Gotti"
4304,"Yo La Tengo"
4305,"Yolanda Adams"
4306,"Yonderboi"
4307,"You Am I"
4308,"Young Buck"
4309,"Young Capone"
4310,"Young Dro"
4311,"Young Jeezy"
4312,"Young Love"
4313,"Young Zee"
4314,"Youssou N'Dour"
4315,"Youth Group"
4316,"Youth Of Today"
4317,"Yusef Lateef"
4318,"Yutaka"
4319,"Yvonne Elliman"
4320,"Z.Z. Hill"
4321,"Zakk Wylde"
4322,"Zap Mama"
4323,"Zapp"
4324,"Zapp & Roger"
4325,"Zebra"
4326,"Zero 7"
4327,"Zhane"
4328,"Zion"
4329,"Zion"
4330,"Zion I"
4331,"ZOEGirl"
4332,"Zombie Nation"
4333,"Zoot Sims"
4334,"Zoot Woman"
4335,"Zucchero"
4336,"Zuco 103"
4337,"Zwan"
4338,"ZZ Top"
